ACCIDENT_YEAR,COLLISION_DATE,COLLISION_TIME,MONTH,SEASON,24HOURS,DAY_OF_WEEK,INTERSECTION,WEATHER_1,STATE_HWY_IND,ROAD_SURFACE,ROAD_COND_1,LIGHTING,STWD_VEHTYPE_AT_FAULT,CHP_VEHTYPE_AT_FAULT,DIRECTION,PCF_VIOL_CATEGORY,TYPE_OF_COLLISION,PEDESTRIAN_ACCIDENT,BICYCLE_ACCIDENT,MOTORCYCLE_ACCIDENT,TRUCK_ACCIDENT,MVIW,TOW_AWAY,HIT_AND_RUN,CONTROL_DEVICE,NUMBER_INJURED,COUNT_PED_INJURED,COUNT_BICYCLIST_INJURED,COUNT_MC_INJURED,PCF_VIOLATION,PARTY_COUNT,POINT_Y,POINT_X,COLLISION_SEVERITY
2013,2013-04-13,1853,4,1,18,6,N,A,Y,A,H,A,A,01,N,01,C,,,,,E,Y,N,A,1,0,0,0,23152.0,3,,,3
2013,2013-03-31,1725,3,1,17,7,N,B,Y,B,H,A,D,22,S,08,D,,,,,I,Y,N,D,4,0,0,0,22107.0,3,38.5930451,-121.5512331,3
2013,2013-03-09,2359,3,1,23,6,N,A,N,A,H,A,-,- ,W,18,A,,,,,C,Y,N,A,2,0,0,0,,2,38.5403409,-121.7373231,3
2013,2013-04-10,1847,4,1,18,3,Y,A,N,A,H,A,D,22,,09,A,,,,,C,Y,N,A,2,0,0,0,21801.0,2,38.6646851,-121.7423632,4
2013,2013-03-06,1729,3,1,17,3,Y,A,N,A,H,A,A,01,,12,D,,,,,C,Y,N,A,1,0,0,0,21453.0,2,38.5815751,-121.5222131,4
2013,2013-03-30,1141,3,1,11,6,N,B,N,A,H,A,A,01,S,03,C,,,,,C,Y,N,A,1,0,0,0,22350.0,2,38.5771848,-121.525212,4
2013,2013-03-26,2248,3,1,22,2,Y,A,N,A,H,C,A,01,,12,A,,,,,C,Y,N,A,3,0,0,0,21453.0,3,38.570275,-121.5488732,4
2013,2013-03-26,800,3,1,8,2,Y,A,N,A,H,A,C,02,,03,H,,,Y,,A,N,N,A,1,0,0,1,22350.0,1,38.5394551,-121.5497032,3
2013,2013-03-30,1043,3,1,10,6,Y,B,N,A,H,A,A,01,,10,G,Y,,,,B,N,F,A,1,1,0,0,21950.0,2,38.5906051,-121.5368432,3
2013,2013-03-15,1005,3,1,10,5,Y,A,N,A,H,A,A,01,,12,A,,,,,C,Y,N,A,1,0,0,0,21453.0,2,38.591565,-121.5452531,4
2013,2013-03-19,730,3,1,7,2,Y,A,Y,A,H,A,A,01,,12,D,,,,,C,Y,N,A,4,0,0,0,21453.0,2,38.5743251,-121.5762331,3
2013,2013-03-27,1730,3,1,17,3,N,A,Y,A,H,A,G,25,S,03,C,,,,Y,C,Y,N,D,4,0,0,0,22350.0,3,38.6733532,-121.6694204,3
2013,2013-03-28,1630,3,1,16,4,N,A,Y,A,B,A,D,23,E,03,C,,,,,C,Y,N,D,2,0,0,0,22350.0,3,38.5545124,-121.6882851,4
2013,2013-04-04,625,4,1,6,4,N,C,N,B,H,B,D,22,N,08,F,,,,,I,Y,N,D,1,0,0,0,22107.0,1,38.6538837,-121.9711455,4
2013,2013-03-28,1005,3,1,10,4,N,A,N,A,D,A,F,26,N,08,B,,,,Y,C,Y,N,D,2,0,0,0,22107.0,2,38.6938979,-121.7838232,3
2013,2013-03-29,2125,3,1,21,5,N,A,N,A,H,D,A,07,W,08,E,,,,,I,Y,N,D,1,0,0,0,22107.0,1,38.543285,-121.9199129,4
2013,2013-03-24,950,3,1,9,7,N,A,Y,A,H,A,A,07,E,01,E,,,,,J,Y,N,D,2,0,0,0,23152.0,1,38.5164508,-121.9943452,3
2013,2013-03-30,1633,3,1,16,6,N,B,N,A,H,A,-,- ,E,06,F,,,,,A,Y,N,D,1,0,0,0,21751.0,2,38.590046,-121.7488084,3
2013,2013-03-20,800,3,1,8,3,N,B,Y,B,H,A,A,01,W,08,E,,,,,I,Y,N,D,1,0,0,0,22107.0,1,38.4960219,-122.0324782,4
2013,2013-04-07,2100,4,1,21,7,N,A,N,A,H,D,A,01,S,01,F,,,,,A,Y,N,D,1,0,0,0,23152.0,1,38.7156772,-122.0108561,3
2013,2013-04-11,225,4,1,2,4,N,A,Y,A,H,D,A,01,W,01,E,,,,,I,Y,N,D,1,0,0,0,23152.0,1,38.7196371,-122.1368184,3
2013,2013-04-06,900,4,1,9,6,Y,B,N,A,H,A,L,04,,09,D,,Y,,,G,N,N,A,1,0,1,0,21803.0,2,38.5638049,-121.7146331,4
2013,2013-04-23,750,4,1,7,2,Y,A,N,A,H,A,D,22,,09,D,,,,,C,N,N,A,2,0,0,0,21804.0,2,38.574275,-121.5241831,4
2013,2013-03-17,150,3,1,1,7,N,A,N,A,H,C,D,22,W,01,C,,,,,E,N,M,D,1,0,0,0,23152.0,4,38.5791743,-121.5354449,3
2013,2013-04-16,746,4,1,7,2,Y,A,N,A,H,A,A,01,,09,D,,Y,,,G,N,N,A,1,0,1,0,21804.0,2,38.579135,-121.5306232,3
2013,2013-04-20,1718,4,1,17,6,Y,A,N,A,H,A,A,01,,12,D,,,,,C,Y,N,A,1,0,0,0,21453.0,2,38.5804551,-121.5306631,3
2013,2013-04-17,1339,4,1,13,3,Y,A,N,A,H,A,D,22,,09,D,,,,,C,Y,F,D,2,0,0,0,21810.0,2,38.6608651,-121.7734331,3
2013,2013-03-21,817,3,1,8,4,Y,A,N,A,H,A,A,01,,12,D,,,,,C,Y,N,A,2,0,0,0,21453.0,2,38.6774451,-121.7706132,3
2013,2013-03-19,1744,3,1,17,2,N,C,N,B,H,A,-,- ,W,03,C,,,,,C,Y,N,A,1,0,0,0,22350.0,2,38.6772932,-121.7471984,3
2013,2013-04-10,1225,4,1,12,3,Y,A,Y,A,H,A,A,08,,08,D,,,,,C,Y,N,A,1,0,0,0,22100.0,2,38.5117206,-122.0072095,3
2013,2013-04-21,1400,4,1,14,7,N,A,Y,A,H,A,D,22,E,01,E,,,,,I,Y,N,D,1,0,0,0,23152.0,1,,,3
2013,2013-04-12,1445,4,1,14,5,N,A,Y,A,H,A,D,22,E,03,C,,,,,C,Y,N,D,3,0,0,0,22350.0,5,38.5409134,-121.7344408,4
2013,2013-04-08,1425,4,1,14,1,N,A,Y,A,H,A,A,01,W,07,B,,,,,D,N,N,D,1,0,0,0,21658.0,2,38.5749551,-121.5524339,4
2013,2013-04-02,1550,4,1,15,2,N,A,Y,A,H,A,A,01,W,03,C,,,,,C,Y,N,D,2,0,0,0,22350.0,2,38.5596288,-121.6610594,4
2013,2013-03-31,1755,3,1,17,7,N,C,Y,B,H,A,D,22,N,01,E,,,,,I,Y,N,D,1,0,0,0,23152.0,1,38.7262274,-121.8060611,3
2013,2013-04-11,2232,4,1,22,4,Y,A,N,A,H,C,L,04,,12,D,,Y,,,G,N,N,A,1,0,1,0,21453.0,2,38.671945,-121.7655132,3
2013,2013-03-12,2122,3,1,21,2,N,A,N,A,H,C,N,60,N,11,G,Y,,,,B,N,N,D,1,1,0,0,21954.0,2,38.5792567,-121.5339932,4
2013,2013-04-23,835,4,1,8,2,N,A,Y,A,D,A,D,22,W,03,C,,,,,C,Y,N,A,3,0,0,0,22350.0,3,38.6778812,-121.8468933,4
2013,2013-04-23,1200,4,1,12,2,N,A,N,A,H,A,A,01,E,09,D,,,,,C,Y,N,D,2,0,0,0,21801.0,2,38.5477084,-121.7389403,3
2013,2013-04-17,815,4,1,8,3,Y,A,N,A,H,A,-,- ,,03,C,,,,,C,N,N,A,1,0,0,0,22350.0,2,38.541345,-121.7439531,4
2013,2013-04-19,30,4,1,0,5,Y,A,N,A,H,C,-,- ,,- ,H,,Y,,,G,N,F,A,1,0,1,0,,2,38.556155,-121.7475731,3
2013,2013-04-17,1717,4,1,17,3,Y,A,N,A,H,A,-,- ,,09,D,,Y,,,G,N,N,A,1,0,1,0,21802.0,2,38.544585,-121.7414231,3
2013,2013-04-30,1505,4,1,15,2,N,A,Y,A,H,A,D,22,N,08,F,,,,,A,Y,N,D,1,0,0,0,22107.0,1,38.765653,-121.7752298,3
2013,2013-05-04,1550,5,1,15,6,N,A,N,A,H,A,-,- ,N,00,E,,,,,J,Y,N,D,1,0,0,0,,1,38.5785161,-121.7859633,3
2013,2013-04-26,1156,4,1,11,5,Y,A,N,A,H,A,A,07,,09,A,,,,,C,Y,N,A,2,0,0,0,21801.0,2,38.53977408,-121.80330098,3
2013,2013-04-29,2103,4,1,21,1,Y,A,N,A,H,D,A,01,,09,D,,,,,C,Y,N,A,1,0,0,0,21802.0,2,38.794239,-121.877181,4
2013,2013-04-29,453,4,1,4,1,N,A,N,A,H,C,A,01,W,08,E,,,,,I,N,N,D,1,0,0,0,22107.0,1,38.55551264,-121.52937949,4
2013,2013-04-27,1443,4,1,14,6,Y,A,N,A,H,A,N,60,,11,G,Y,,,,B,N,N,A,1,1,0,0,21456.0,2,38.584545,-121.5108432,3
2013,2013-04-30,1015,4,1,10,2,Y,A,N,A,H,A,A,01,,09,D,,,,,C,Y,F,A,3,0,0,0,21804.0,2,38.579735,-121.5407031,3
2013,2013-04-23,2152,4,1,21,2,N,A,Y,A,H,D,-,- ,N,01,E,,,,,I,N,N,D,1,0,0,0,23152.0,1,38.6735379,-121.6535412,3
2013,2013-04-21,1020,4,1,10,7,N,A,Y,A,H,A,G,26,N,08,E,,,,Y,I,N,N,D,1,0,0,0,22107.0,1,38.7054043,-121.7866265,3
2013,2013-05-05,300,5,1,3,7,N,A,N,A,H,D,A,01,S,01,A,,,,,C,Y,N,D,3,0,0,0,23152.0,2,38.4008411,-121.5151293,2
2013,2013-05-04,1145,5,1,11,6,N,A,Y,A,H,A,A,01,W,03,C,,,,,C,Y,F,D,1,0,0,0,22350.0,2,38.8778151,-121.9706732,4
2013,2013-04-22,834,4,1,8,1,N,A,N,A,H,A,A,01,S,03,C,,,,,C,N,N,A,1,0,0,0,22350.0,2,38.6690299,-121.7748447,3
2013,2013-03-29,1909,3,1,19,5,Y,A,N,A,H,B,A,01,,08,D,,,,,C,N,N,D,2,0,0,0,22107.0,2,38.675825,-121.7917931,4
2013,2013-04-29,900,4,1,9,1,N,A,N,A,H,A,A,01,S,03,D,,Y,,,G,N,N,A,1,0,1,0,22350.0,2,38.5462081,-121.7588797,3
2013,2013-04-08,1648,4,1,16,1,N,A,Y,A,H,A,-,- ,W,03,C,,,,,C,Y,N,D,2,0,0,0,22350.0,2,38.5524451,-121.6945831,3
2013,2013-04-23,1115,4,1,11,2,Y,A,N,A,H,A,A,01,,03,C,,,,,C,Y,N,A,3,0,0,0,22350.0,2,38.641415,-121.8026832,4
2013,2013-04-27,1815,4,1,18,6,N,A,Y,A,H,A,A,07,N,01,E,,,,,I,Y,F,D,1,0,0,0,23152.0,1,38.8016914,-121.7197811,3
2013,2013-04-21,50,4,1,0,7,N,A,N,A,H,D,A,01,S,01,F,,,,,A,Y,N,D,2,0,0,0,23152.0,1,38.4713598,-121.6568488,2
2013,2013-04-19,1640,4,1,16,5,N,A,N,A,H,A,A,01,S,08,E,,,,,I,Y,N,D,1,0,0,0,22107.0,1,38.6167251,-121.8029544,4
2013,2013-04-07,1855,4,1,18,7,N,B,Y,A,H,A,A,01,W,17,E,,,,,J,N,N,D,1,0,0,0,23114.0,2,38.5710291,-121.5964767,4
2013,2013-04-09,1135,4,1,11,2,N,A,Y,A,H,A,A,07,E,08,E,,,,,J,Y,N,D,2,0,0,0,22107.0,1,38.5570093,-121.676161,3
2013,2013-04-20,935,4,1,9,6,N,A,Y,A,H,A,A,01,W,03,-,,,,,C,Y,N,D,2,0,0,0,22350.0,3,38.5753125,-121.5586733,3
2013,2013-04-22,820,4,1,8,1,N,A,Y,A,H,A,C,02,N,04,B,,,Y,,C,Y,N,D,1,0,0,1,21703.0,2,38.5754943,-121.5701684,3
2013,2013-04-02,1247,4,1,12,2,N,A,N,A,H,A,A,01,N,08,E,,,,,J,Y,N,D,2,0,0,0,22107.0,1,38.4625245,-121.5050741,3
2013,2013-04-10,505,4,1,5,3,N,A,Y,A,H,D,A,01,W,08,E,,,,,I,Y,N,D,1,0,0,0,22107.0,1,38.7417156,-122.1485524,2
2013,2013-04-12,1135,4,1,11,5,N,B,Y,A,H,A,A,01,S,07,E,,,,,I,Y,N,D,1,0,0,0,21658.0,1,38.8466806,-121.9384627,4
2013,2013-04-12,533,4,1,5,5,N,A,N,A,H,D,-,- ,N,18,E,,,Y,,H,Y,N,D,1,0,0,1,,1,38.5932941,-121.7855922,3
2013,2013-05-05,1824,5,1,18,7,N,A,N,A,H,A,A,01,N,03,C,,,,,C,N,N,A,2,0,0,0,22350.0,2,38.5624895,-121.7311541,4
2013,2013-05-03,758,5,1,7,5,Y,A,N,A,H,A,A,01,,09,H,,Y,,,G,N,N,A,1,0,1,0,21802.0,2,38.5458949,-121.7337331,4
2013,2013-04-03,1038,4,1,10,3,N,A,N,A,H,A,A,01,N,05,E,,,,,I,Y,N,A,1,0,0,0,21650.0,1,38.5726628,-121.5486364,4
2013,2013-05-13,658,5,1,6,1,N,A,N,A,H,A,L,04,N,09,D,,Y,,,G,N,N,A,1,0,1,0,21804.0,2,38.583747,-121.5382049,3
2013,2013-04-29,825,4,1,8,1,N,A,Y,A,H,A,D,22,W,03,C,,,,,C,Y,N,D,1,0,0,0,22350.0,2,38.5751187,-121.5546993,4
2013,2013-04-07,1900,4,1,19,7,N,B,N,A,H,A,N,60,S,21,G,Y,,,,B,N,N,D,1,1,0,0,22106.0,2,38.5969842,-121.5420537,3
2013,2013-04-15,950,4,1,9,1,Y,A,N,A,H,A,A,01,,08,B,,,,,C,N,N,A,1,0,0,0,22100.0,2,38.588825,-121.5128531,4
2013,2013-04-15,850,4,1,8,1,N,A,N,A,H,A,A,01,W,08,B,,,,,C,Y,N,D,1,0,0,0,22107.0,2,38.5962651,-121.5230081,3
2013,2013-05-04,2115,5,1,21,6,N,A,N,A,H,C,A,07,S,09,D,,,,,C,Y,N,D,2,0,0,0,21804.0,2,38.5805518,-121.5267029,4
2013,2013-05-02,1647,5,1,16,4,N,A,Y,A,H,A,-,- ,S,- ,G,Y,,,,B,N,N,A,1,1,0,0,,2,38.6682966,-121.7655937,2
2013,2013-05-13,717,5,1,7,1,N,A,N,A,H,A,-,- ,E,- ,G,Y,,,,B,N,N,A,1,1,0,0,,2,38.6682622,-121.7537905,3
2013,2013-05-03,1000,5,1,10,5,Y,A,N,A,H,A,L,04,,08,H,,Y,,,G,Y,N,A,1,0,1,0,22107.0,2,38.5507251,-121.7527132,2
2013,2013-05-01,1709,5,1,17,3,Y,A,N,A,H,A,A,07,,09,D,,,,,C,Y,N,A,1,0,0,0,21801.0,2,38.546325,-121.7528132,4
2013,2013-01-28,1800,1,4,18,1,Y,A,N,A,H,C,N,60,,11,G,Y,,,,B,N,N,A,1,1,0,0,21950.0,2,38.541345,-121.7230231,3
2013,2013-05-07,820,5,1,8,2,N,B,N,A,H,A,A,01,S,08,B,,,,,C,N,N,A,1,0,0,0,22107.0,2,38.55631388,-121.5333724,4
2013,2013-04-29,900,4,1,9,1,Y,A,N,A,H,A,A,01,,08,D,,Y,,,G,N,N,A,1,0,1,0,22107.0,2,38.5868351,-121.5270132,3
2013,2013-06-17,1423,6,2,14,1,N,A,N,A,H,A,L,04,W,05,D,,Y,,,G,N,N,D,1,0,1,0,21650.0,2,38.6628714,-121.7664431,4
2013,2013-06-08,331,6,2,3,6,N,A,N,A,H,C,A,01,W,03,C,,,,,C,N,N,D,1,0,0,0,22350.0,2,38.6774983,-121.7798461,4
2013,2013-04-27,1247,4,1,12,6,N,A,N,A,H,A,A,01,S,08,E,,,,,I,Y,N,D,2,0,0,0,22107.0,1,38.82020661,-121.90460533,3
2013,2013-04-30,833,4,1,8,2,N,A,Y,A,H,A,A,01,N,08,E,,,,,I,N,N,D,2,0,0,0,22107.0,1,38.8368234,-121.9394229,3
2013,2013-05-06,1130,5,1,11,1,Y,B,N,A,H,A,A,01,,03,E,,,,,I,N,N,A,1,0,0,0,22350.0,1,38.756655,-121.7657731,4
2013,2013-05-06,1120,5,1,11,1,Y,B,Y,A,H,A,A,01,,12,D,,,,,C,Y,N,A,1,0,0,0,21453.0,2,38.6792751,-121.9496832,4
2013,2013-03-12,1030,3,1,10,2,N,A,N,A,H,A,-,- ,N,18,H,,,Y,,H,N,N,D,1,0,0,1,,1,38.82873399,-122.04336137,4
2013,2013-03-31,2025,3,1,20,7,N,B,N,B,H,C,L,04,E,08,A,,Y,,,G,Y,N,D,2,0,1,0,22107.0,3,38.6682577,-121.75483,3
2013,2013-03-22,1304,3,1,13,5,N,A,N,A,H,A,A,01,W,09,G,Y,,,,B,N,N,D,1,1,0,0,21804.0,2,38.5889037,-121.5218629,3
2013,2013-03-25,1906,3,1,19,1,Y,A,N,A,H,A,A,01,,12,H,,Y,,,G,N,N,A,1,0,1,0,22450.0,2,38.541345,-121.7439531,4
2013,2013-05-02,542,5,1,5,4,N,A,Y,A,H,B,A,01,E,07,D,,,,,C,Y,M,D,2,0,0,0,21658.0,3,38.5751241,-121.5726934,4
2013,2013-05-09,1930,5,1,19,4,Y,A,N,A,H,A,A,07,,12,A,,,,,C,Y,F,A,1,0,0,0,22450.0,2,38.793114,-121.7746125,3
2013,2013-05-08,1840,5,1,18,3,N,A,N,A,H,A,A,07,N,01,C,,,,,C,Y,N,D,7,0,0,0,23152.0,3,38.7418651,-121.7294824,3
2013,2013-05-19,1535,5,1,15,7,N,A,Y,A,H,A,A,08,E,03,C,,,,,C,Y,N,D,1,0,0,0,22350.0,3,38.5577189,-121.6728418,4
2013,2013-05-21,1818,5,1,18,2,N,A,Y,A,H,A,A,01,E,03,C,,,,,C,Y,N,D,1,0,0,0,22350.0,2,38.5655974,-121.6258674,4
2013,2013-05-17,1945,5,1,19,5,N,A,Y,A,H,A,A,07,S,08,E,,,,,I,Y,N,D,2,0,0,0,22107.0,1,38.7324663,-121.815704,3
2013,2013-05-10,1741,5,1,17,5,N,A,N,A,H,A,A,01,W,03,C,,,,,C,Y,N,A,2,0,0,0,22350.0,2,38.5400251,-121.728943,4
2013,2013-05-15,2022,5,1,20,3,N,A,N,A,H,B,L,04,S,15,E,,Y,,,I,N,N,D,1,0,1,0,21201.0,1,38.5482549,-121.7265259,3
2013,2013-05-04,2115,5,1,21,6,Y,A,N,A,H,C,A,08,,09,D,,Y,,,G,N,N,A,1,0,1,0,21802.0,2,38.5458949,-121.7337331,3
2013,2013-05-25,1737,5,1,17,6,N,A,Y,A,H,A,A,01,E,04,C,,,,,C,Y,N,D,1,0,0,0,21703.0,3,38.6803069,-121.9569119,4
2013,2013-05-11,1224,5,1,12,6,N,A,Y,A,H,A,C,02,E,06,C,,,Y,,E,N,N,D,2,0,0,1,21755.0,2,38.5756251,-121.5689931,3
2013,2013-05-05,1230,5,1,12,7,N,B,N,A,H,A,A,07,S,09,D,,,,,C,Y,N,D,2,0,0,0,21804.0,2,38.55745267,-121.66460037,4
2013,2013-05-11,1605,5,1,16,6,N,A,N,A,H,A,A,07,E,08,F,,,,,I,Y,N,A,1,0,0,0,22107.0,1,38.6634451,-121.8678436,4
2013,2013-04-26,2310,4,1,23,5,N,A,N,A,-,D,A,01,E,08,E,,,,,J,Y,N,D,1,0,0,0,22107.0,1,38.6684242,-121.9950066,4
2013,2013-05-15,1125,5,1,11,3,Y,A,N,A,H,A,G,25,,09,D,,,,Y,C,Y,N,A,1,0,0,0,21802.0,2,38.6198949,-121.8954032,4
2013,2013-05-10,1505,5,1,15,5,Y,A,N,A,H,A,A,07,,09,F,,,,,C,Y,N,A,1,0,0,0,21802.0,2,38.6702051,-121.7720131,4
2013,2013-05-28,1549,5,1,15,2,N,A,Y,A,H,A,A,01,W,09,D,,,,,C,Y,N,A,1,0,0,0,21804.0,2,38.6768351,-121.7509832,4
2013,2013-05-22,820,5,1,8,3,Y,A,N,A,H,A,A,08,,09,H,,Y,,,G,N,N,A,1,0,1,0,21800.0,2,38.5458949,-121.7337331,4
2013,2013-05-22,850,5,1,8,3,Y,A,N,A,H,A,A,07,,09,H,,Y,,,G,N,N,A,1,0,1,0,21801.0,2,38.546265,-121.7477631,3
2013,2013-06-01,1740,6,2,17,6,N,A,N,A,H,A,A,01,S,03,C,,,,,C,Y,N,D,3,0,0,0,22350.0,3,38.5708719,-121.5237134,4
2013,2013-06-03,950,6,2,9,1,N,A,Y,A,H,A,D,23,N,08,A,,,,,C,Y,N,D,2,0,0,0,22107.0,2,38.7176849,-121.7647001,3
2013,2013-06-04,2045,6,2,20,2,Y,A,N,A,H,B,D,22,,09,D,,,,,C,Y,N,A,3,0,0,0,21802.0,2,38.619625,-121.8029031,3
2013,2013-05-22,1717,5,1,17,3,N,A,Y,A,H,A,A,01,E,03,C,,,,,C,N,N,D,1,0,0,0,22350.0,2,38.5727735,-121.5174115,4
2013,2013-05-19,1135,5,1,11,7,N,A,N,A,H,A,A,07,S,03,C,,,,,C,Y,N,A,2,0,0,0,22350.0,2,38.5697941,-121.5242837,4
2013,2013-05-23,1910,5,1,19,4,Y,A,N,A,H,A,L,04,,05,D,,Y,,,G,N,N,D,1,0,1,0,21650.0,2,38.7929351,-121.7227832,4
2013,2013-05-27,1305,5,1,13,1,N,C,Y,B,H,A,A,01,W,04,C,,,,,C,N,N,D,3,0,0,0,21703.0,2,38.5751917,-121.5567198,4
2013,2013-05-26,1659,5,1,16,7,N,A,Y,A,H,A,A,07,W,08,E,,,,,I,Y,N,D,3,0,0,0,22107.0,1,38.5495863,-121.7098877,2
2013,2013-05-19,55,5,1,0,7,N,A,N,A,H,D,A,01,W,01,F,,,,,A,Y,N,D,1,0,0,0,23152.0,1,38.665499,-121.9798463,3
2013,2013-05-29,1148,5,1,11,3,N,A,Y,A,H,A,A,07,S,03,C,,,,,C,Y,N,D,2,0,0,0,22350.0,2,38.673999,-121.7378662,4
2013,2013-06-09,515,6,2,5,7,N,A,Y,A,-,A,E,23,W,07,B,,,,,C,Y,N,D,1,0,0,0,21658.0,2,38.5462168,-121.7237412,4
2013,2013-05-16,1220,5,1,12,4,Y,A,N,A,H,A,A,01,,03,C,,,,,C,N,N,A,1,0,0,0,22350.0,2,38.5607849,-121.7448131,4
2013,2013-02-19,2120,2,4,21,2,Y,A,N,A,H,C,A,01,,09,D,,,,,C,N,N,A,1,0,0,0,21801.0,2,38.546325,-121.7528132,4
2013,2013-05-24,2155,5,1,21,5,Y,A,N,A,H,D,A,01,,01,A,,,,,C,Y,N,D,3,0,0,0,23152.0,2,38.701245,-122.0385732,4
2013,2013-05-31,1321,5,1,13,5,N,A,N,A,H,A,A,07,S,08,E,,,,,I,Y,N,D,2,0,0,0,22107.0,1,,,3
2013,2013-06-08,1420,6,2,14,6,N,A,Y,A,H,A,A,01,W,01,A,,,,,C,Y,N,D,2,0,0,0,23152.0,2,38.6793244,-121.9500144,4
2013,2013-06-04,745,6,2,7,2,N,A,Y,A,H,A,A,01,W,03,D,,,,,C,Y,N,D,2,0,0,0,22350.0,3,38.5765681,-121.5637828,4
2013,2013-06-06,1515,6,2,15,4,N,A,Y,A,H,A,A,01,W,03,C,,,,,C,N,N,D,1,0,0,0,22350.0,2,38.5486354,-121.7130648,4
2013,2013-06-11,350,6,2,3,2,N,A,Y,A,H,C,-,- ,W,18,E,,,,,I,N,N,D,2,0,0,0,,1,38.5751187,-121.5546993,4
2013,2013-05-19,1222,5,1,12,7,Y,A,N,A,H,A,A,01,,03,D,,,,,C,Y,N,A,3,0,0,0,22350.0,2,38.556495,-121.5405731,4
2013,2013-06-02,25,6,2,0,7,N,A,N,A,H,D,A,01,E,03,F,,,,,A,Y,N,D,1,0,0,0,22350.0,1,38.78395352,-121.92578495,4
2013,2013-06-01,1435,6,2,14,6,N,A,Y,A,H,A,A,01,W,08,F,,,,,A,Y,N,D,1,0,0,0,22107.0,1,38.5749412,-121.5380836,3
2013,2013-06-05,800,6,2,8,3,Y,A,N,A,H,A,L,04,,05,B,,Y,,,G,N,F,D,1,0,1,0,21202.0,2,38.571625,-121.5203531,3
2013,2013-06-20,1405,6,2,14,4,Y,A,N,A,H,A,A,01,,09,D,,,,,C,N,N,A,2,0,0,0,21801.0,2,38.678685,-121.7654332,4
2013,2013-06-21,1321,6,2,13,5,N,A,N,A,H,A,A,01,N,21,C,,,,,E,N,N,D,1,0,0,0,22106.0,2,38.6599621,-121.7934879,4
2013,2013-06-17,1255,6,2,12,1,Y,A,Y,A,H,A,A,07,,09,A,,,,,C,Y,N,A,1,0,0,0,21801.0,2,38.5928951,-121.5516731,3
2013,2013-06-27,1730,6,2,17,4,N,A,N,A,H,A,D,22,E,08,E,,,,,I,Y,N,D,1,0,0,0,22107.0,1,38.6478434,-121.7197379,3
2013,2013-06-24,1310,6,2,13,1,N,C,N,B,H,A,F,21,E,08,E,,,,Y,I,Y,N,D,1,0,0,0,22107.0,1,38.716648,-121.9382316,4
2013,2013-06-26,1603,6,2,16,3,N,A,Y,A,H,A,D,22,E,03,C,,,,,C,N,N,D,1,0,0,0,22350.0,2,38.5400585,-121.7354655,4
2013,2013-06-25,730,6,2,7,2,N,B,Y,B,H,A,A,01,E,08,E,,,,,I,Y,N,D,1,0,0,0,22107.0,2,38.5459672,-121.7248577,3
2013,2013-06-14,1900,6,2,19,5,N,A,N,A,H,A,C,02,E,03,F,,,Y,,A,Y,N,D,1,0,0,1,22350.0,1,38.5431439,-121.731981,4
2013,2013-06-13,315,6,2,3,4,N,A,Y,A,H,D,A,01,W,08,E,,,,,I,Y,N,D,1,0,0,0,22107.0,1,38.7056936,-122.0389417,4
2013,2013-06-15,1147,6,2,11,6,N,A,Y,A,H,A,A,07,W,03,C,,,,,C,Y,N,D,2,0,0,0,22350.0,2,38.5752414,-121.557528,3
2013,2013-06-17,428,6,2,4,1,N,A,Y,A,H,B,A,01,N,03,C,,,,,E,Y,N,D,1,0,0,0,22350.0,3,38.6736251,-121.6720806,3
2013,2013-06-07,1822,6,2,18,5,N,A,N,A,H,A,-,- ,S,09,D,,,,,C,Y,N,D,2,0,0,0,21801.0,2,38.5510939,-121.6910709,3
2013,2013-06-09,150,6,2,1,7,N,A,Y,A,H,D,A,01,E,01,E,,,,,J,Y,N,D,1,0,0,0,23152.0,1,38.5479949,-121.7169757,4
2013,2013-06-02,2240,6,2,22,7,N,A,Y,A,H,D,A,01,W,01,B,,,,,C,Y,N,D,7,0,0,0,23152.0,3,38.6736862,-121.8627657,2
2013,2013-05-31,200,5,1,2,5,N,A,N,A,H,C,A,07,S,05,E,,,,,I,N,M,D,1,0,0,0,21650.0,1,38.6626269,-121.7705662,3
2013,2013-06-07,2140,6,2,21,5,N,A,Y,A,H,D,A,01,E,03,C,,,,,C,Y,N,D,1,0,0,0,22350.0,2,38.7307323,-122.1426249,4
2013,2013-06-08,1258,6,2,12,6,N,A,Y,A,H,A,A,01,S,01,E,,,,,I,Y,N,D,1,0,0,0,23152.0,1,38.6736451,-121.7204067,3
2013,2013-06-28,1220,6,2,12,5,N,A,N,A,H,A,A,08,S,05,A,,,,,C,Y,N,D,1,0,0,0,21460.0,2,38.6887496,-121.8659682,4
2013,2013-06-17,1730,6,2,17,1,N,A,Y,A,H,A,A,01,E,08,E,,,,,I,Y,F,D,1,0,0,0,22107.0,1,38.6347051,-121.9283595,2
2013,2013-06-28,1630,6,2,16,5,N,A,Y,A,H,A,A,01,E,03,C,,,,,C,Y,N,D,3,0,0,0,22350.0,2,38.5570093,-121.676161,4
2013,2013-07-03,1056,7,2,10,3,N,A,Y,A,H,A,A,08,E,03,C,,,,,C,Y,N,D,1,0,0,0,22350.0,2,38.5944328,-121.5502727,4
2013,2013-06-27,558,6,2,5,4,N,A,Y,A,H,A,C,02,E,08,E,,,Y,,I,Y,N,D,1,0,0,1,22107.0,1,38.7046145,-122.1186055,3
2013,2013-07-08,945,7,2,9,1,N,A,Y,A,H,A,A,01,E,03,C,,,,,C,Y,N,D,1,0,0,0,22350.0,2,38.5757122,-121.5683431,4
2013,2013-07-10,943,7,2,9,3,N,A,Y,A,H,A,A,01,W,03,C,,,,,C,Y,N,D,2,0,0,0,22350.0,2,38.575568,-121.5630659,4
2013,2013-05-20,650,5,1,6,1,N,A,Y,A,H,A,A,01,W,04,C,,,,,C,Y,M,D,1,0,0,0,21703.0,3,38.5731555,-121.5845845,4
2013,2013-06-13,1203,6,2,12,4,N,A,Y,A,H,A,-,99,N,07,F,,,,,A,Y,F,D,2,0,0,0,21658.0,2,38.7962628,-121.8806261,3
2013,2013-06-19,1300,6,2,13,3,N,A,Y,A,H,A,A,01,E,08,E,,,,,I,Y,N,D,1,0,0,0,22107.0,1,38.7208477,-122.1381572,4
2013,2013-06-15,1720,6,2,17,6,Y,A,N,A,H,A,A,01,,09,D,,,,,C,Y,N,D,3,0,0,0,21800.0,2,38.690975,-121.7903532,4