ACCIDENT_YEAR,COLLISION_DATE,COLLISION_TIME,MONTH,SEASON,24HOURS,DAY_OF_WEEK,INTERSECTION,WEATHER_1,STATE_HWY_IND,ROAD_SURFACE,ROAD_COND_1,LIGHTING,STWD_VEHTYPE_AT_FAULT,CHP_VEHTYPE_AT_FAULT,DIRECTION,PCF_VIOL_CATEGORY,TYPE_OF_COLLISION,PEDESTRIAN_ACCIDENT,BICYCLE_ACCIDENT,MOTORCYCLE_ACCIDENT,TRUCK_ACCIDENT,MVIW,TOW_AWAY,HIT_AND_RUN,CONTROL_DEVICE,NUMBER_INJURED,COUNT_PED_INJURED,COUNT_BICYCLIST_INJURED,COUNT_MC_INJURED,PCF_VIOLATION,PARTY_COUNT,POINT_Y,POINT_X,COLLISION_SEVERITY
2014,2014-02-06,202,2,4,2,4,N,B,Y,B,H,D,A,01,W,01,A,,,,,C,Y,N,D,1,0,0,0,23152.0,2,38.59721534,-121.54849774,1
2013,2013-10-10,2500,10,3,25,4,N,A,N,A,H,D,A,01,S,01,E,,,,,I,Y,N,D,1,0,0,0,23152.0,1,38.5905169,-121.9713908,1
2013,2013-09-21,130,9,3,1,6,Y,A,N,A,H,C,A,01,,01,E,,,,,I,Y,N,A,2,0,0,0,23153.0,1,38.563135,-121.5277731,1
2013,2013-11-30,1051,11,3,10,6,N,A,N,A,H,A,A,08,W,05,E,,,,,I,Y,N,D,0,0,0,0,21651.0,1,38.58189365,-121.5154615,1
2014,2014-10-28,2029,10,3,20,2,N,A,N,A,H,C,D,22,W,01,G,Y,,,,B,N,F,A,0,0,0,0,23152.0,2,38.67753038,-121.78479306,1
2014,2014-12-31,2134,12,4,21,3,N,A,N,A,H,C,C,02,W,05,E,,,Y,,I,Y,N,D,0,0,0,0,21650.0,1,38.57317181,-121.55540648,1
2014,2014-02-01,1402,2,4,14,6,N,A,N,A,H,A,A,01,E,03,C,,,,,C,Y,N,D,0,0,0,0,22350.0,2,38.56302133,-121.72315706,1
2015,2015-03-13,730,3,1,7,5,N,A,N,A,H,A,A,07,S,05,E,,,,,I,Y,N,D,0,0,0,0,21650.0,1,38.50389264,-121.56008717,1
2015,2015-03-29,837,3,1,8,7,N,A,N,A,H,A,A,01,S,01,E,,,,,I,Y,N,D,0,0,0,0,23152.0,1,38.57503362,-121.80323004,1
2015,2015-03-13,2349,3,1,23,5,Y,A,N,A,H,C,C,02,,03,D,,,Y,,C,Y,N,D,0,0,0,0,22350.0,2,38.57498996,-121.52442999,1
2015,2015-02-23,2045,2,4,20,1,N,A,Y,A,H,C,G,27,W,08,G,Y,,,Y,B,Y,F,D,0,0,0,0,22107.0,3,38.57474167,-121.51954765,1
2015,2015-05-02,2221,5,1,22,6,N,A,Y,A,H,C,A,01,N,01,A,,,,,C,Y,N,D,1,0,0,0,23152.0,2,38.69051635,-121.95330866,1
2013,2013-11-14,1456,11,3,14,4,N,A,N,A,H,A,-,99,E,09,D,,Y,,,G,N,F,D,1,0,1,0,21804.0,2,38.5810431,-121.525233,4
2013,2013-11-09,1250,11,3,12,6,N,A,Y,A,H,A,-,- ,W,18,E,,,,,I,Y,N,D,1,0,0,0,,1,38.5652325,-121.6279218,4
2013,2013-11-23,2110,11,3,21,6,N,A,N,A,H,C,A,01,E,01,A,,,,,C,Y,N,A,1,0,0,0,23152.0,2,38.5614851,-121.8031073,3
2013,2013-12-02,940,12,4,9,1,N,A,N,A,H,A,L,04,W,05,D,,Y,,,G,N,N,D,1,0,1,0,21202.0,2,38.5806283,-121.52778,3
2013,2013-12-04,900,12,4,9,3,N,A,N,A,H,A,-,- ,W,00,B,,Y,,,G,N,N,D,1,0,1,0,,2,38.5390893,-121.7532291,4
2013,2013-12-03,59,12,4,0,2,Y,A,N,A,H,C,D,22,,08,E,,,,,I,Y,N,A,1,0,0,0,22107.0,1,38.668705,-121.7286632,3
2013,2013-11-04,856,11,3,8,1,Y,A,N,A,H,A,A,01,,01,C,,,,,C,N,N,A,1,0,0,0,23153.0,2,38.548445,-121.7344231,4
2013,2013-12-10,1009,12,4,10,2,N,A,N,A,H,A,A,07,W,01,C,,,,,E,Y,N,D,1,0,0,0,23152.0,2,38.6682616,-121.754414,3
2013,2013-12-06,812,12,4,8,5,N,A,N,C,H,A,L,04,S,03,H,,Y,,,J,N,N,D,1,0,1,0,22350.0,1,38.5495776,-121.6817732,4
2013,2013-09-02,1944,9,3,19,1,N,B,Y,A,H,B,A,01,S,09,H,,Y,,,G,N,N,D,1,0,1,0,21804.0,2,38.5406074,-121.738265,4
2013,2013-12-09,1250,12,4,12,1,Y,A,Y,A,H,A,D,22,,03,C,,,,,C,N,N,A,1,0,0,0,22350.0,2,38.5760219,-121.5295385,3
2013,2013-06-23,345,6,2,3,7,N,A,N,A,H,D,A,01,E,03,E,,,,,I,Y,N,D,5,0,0,0,22350.0,1,38.4609899,-121.5703513,2
2013,2013-12-10,1740,12,4,17,2,Y,A,N,A,H,A,A,08,,17,D,,,,,C,Y,N,A,2,0,0,0,21451.0,3,38.5804551,-121.5306631,3
2013,2013-12-06,1405,12,4,14,5,N,B,N,A,H,A,-,- ,N,04,C,,,,,C,N,N,D,1,0,0,0,21703.0,3,38.5830728,-121.5263325,4
2013,2013-11-07,800,11,3,8,4,Y,A,N,A,H,A,A,07,,09,D,,,,,C,N,N,A,2,0,0,0,21802.0,2,38.547306,-121.533921,4
2013,2013-11-20,1216,11,3,12,3,Y,C,N,B,H,A,A,01,,17,D,,Y,,,G,N,N,A,1,0,1,0,21451.0,2,38.5804551,-121.5306631,4
2013,2013-11-11,750,11,3,7,1,N,A,N,A,H,A,A,01,W,03,E,,,,,I,Y,N,D,2,0,0,0,22350.0,1,38.5565483,-121.5424256,3
2013,2013-11-26,1330,11,3,13,2,Y,A,N,A,H,A,L,04,,12,H,,Y,,,G,N,N,A,1,0,1,0,21453.0,2,38.547525,-121.7399632,3
2013,2013-11-02,2350,11,3,23,6,Y,A,N,A,H,C,-,- ,,00,A,,Y,,,G,N,F,D,1,0,1,0,,2,38.548445,-121.7622931,4
2013,2013-12-09,1943,12,4,19,1,Y,A,N,A,H,C,D,22,,12,D,,,,,C,Y,N,A,1,0,0,0,21453.0,2,38.6684051,-121.7423332,4
2014,2014-01-03,1440,1,4,14,5,N,A,Y,A,H,A,D,22,W,08,E,,,,,J,N,N,D,1,0,0,0,22107.0,1,38.55946579,-121.66234755,3
2013,2013-12-18,1145,12,4,11,3,N,B,Y,A,H,A,D,22,E,08,A,,,,,C,Y,N,A,1,0,0,0,22107.0,2,,,3
2013,2013-12-24,1854,12,4,18,2,Y,A,N,A,H,C,D,22,,09,D,,,,,C,Y,N,D,2,0,0,0,21800.0,2,38.691885,-121.7704332,4
2013,2013-12-20,1330,12,4,13,5,Y,A,Y,A,H,A,A,07,,09,D,,,,Y,C,Y,N,A,1,0,0,0,21802.0,2,38.5634451,-121.6387131,3
2013,2013-12-10,1735,12,4,17,2,N,A,Y,A,H,C,A,01,N,03,C,,,,,C,N,N,A,2,0,0,0,22350.0,2,38.5653851,-121.7679332,4
2013,2013-11-17,1640,11,3,16,7,N,A,N,A,H,B,D,22,E,21,C,,,,,C,N,N,A,1,0,0,0,22106.0,2,38.5407698,-121.7385836,4
2013,2013-11-29,1615,11,3,16,5,Y,A,N,A,H,A,A,07,,01,D,,,,,C,Y,N,A,2,0,0,0,23152.0,2,38.5469649,-121.7432532,3
2013,2013-12-04,1215,12,4,12,3,N,A,Y,A,H,A,A,01,W,01,E,,,,,J,Y,N,D,1,0,0,0,23152.0,1,,,3
2013,2013-11-30,1848,11,3,18,6,N,A,N,A,H,D,A,01,W,01,E,,,,,I,Y,N,D,2,0,0,0,23152.0,1,38.6933362,-122.0478337,2
2013,2013-11-23,1325,11,3,13,6,N,A,N,A,H,A,A,01,S,03,D,,,,,C,Y,N,D,2,0,0,0,22350.0,2,38.4790333,-121.548306,2
2014,2014-01-04,525,1,4,5,6,N,A,Y,A,H,D,A,01,E,01,C,,,,,E,Y,N,D,1,0,0,0,23152.0,2,38.56474199,-121.63087772,2
2013,2013-12-24,1634,12,4,16,2,N,A,N,A,H,A,A,01,S,09,D,,,,,C,Y,N,D,1,0,0,0,21800.0,2,38.58997609,-121.55087471,4
2013,2013-12-29,1700,12,4,17,7,N,A,Y,A,H,B,A,01,E,08,F,,,,,A,Y,N,D,1,0,0,0,22107.0,1,,,4
2013,2013-12-30,1925,12,4,19,1,Y,A,N,A,H,D,A,01,,09,E,,,,,I,Y,N,A,1,0,0,0,21802.0,2,38.5906349,-121.8586332,4
2013,2013-12-28,1845,12,4,18,6,Y,A,N,A,H,D,D,22,,01,B,,,,,C,Y,N,A,2,0,0,0,23152.0,2,38.4297451,-121.5332331,4
2014,2014-01-01,353,1,4,3,3,N,A,Y,A,H,A,A,01,W,01,C,,,,Y,C,Y,N,D,2,0,0,0,23152.0,2,38.54311041,-121.73205534,3
2013,2013-12-26,1543,12,4,15,4,N,A,Y,A,H,A,A,01,E,03,C,,,,,C,Y,N,D,1,0,0,0,22350.0,2,38.5798352,-121.5605129,4
2013,2013-10-31,1300,10,3,13,4,N,A,N,A,H,A,L,04,N,03,H,,Y,,,A,N,N,D,1,0,1,0,22350.0,1,38.5509681,-121.7501455,4
2013,2013-12-13,1535,12,4,15,5,N,A,N,A,H,A,A,01,E,09,H,,Y,,,G,N,N,D,1,0,1,0,21801.0,2,38.5533911,-121.7304247,4
2013,2013-12-29,49,12,4,0,7,N,A,N,A,H,C,A,07,N,01,D,,,,,C,Y,N,D,4,0,0,0,23152.0,2,38.6766486,-121.7763231,3
2013,2013-11-22,1820,11,3,18,5,N,A,Y,A,H,C,A,01,W,03,C,,,,,C,Y,N,D,6,0,0,0,22350.0,4,38.5713071,-121.5162449,4
2013,2013-11-21,2100,11,3,21,4,N,A,Y,A,B,C,A,07,W,08,E,,,,,I,Y,N,D,1,0,0,0,22107.0,1,,,3
2013,2013-12-05,1540,12,4,15,4,N,A,Y,A,H,A,A,01,W,03,C,,,,,C,Y,N,D,1,0,0,0,22350.0,2,38.5769791,-121.5277293,4
2013,2013-12-04,1115,12,4,11,3,Y,A,N,A,H,A,A,01,,09,D,,,,,C,Y,N,A,1,0,0,0,21802.0,2,38.8962,-121.977072,4
2013,2013-08-23,1447,8,2,14,5,N,A,Y,A,D,A,-,- ,W,04,C,,,,,C,Y,N,D,1,0,0,0,21703.0,3,38.5267883,-121.965815,4
2014,2014-01-10,2350,1,4,23,5,N,A,N,A,H,C,A,07,E,01,C,,,,,C,Y,N,D,3,0,0,0,23152.0,2,38.68476565,-121.78752277,3
2014,2014-01-02,1450,1,4,14,4,N,A,N,A,H,A,N,60,S,09,G,Y,,,,B,N,F,D,1,0,0,0,21804.0,2,38.6829875,-121.80059552,3
2014,2014-01-17,1107,1,4,11,5,N,A,N,A,H,A,A,01,N,03,E,,,,,I,Y,N,D,1,0,0,0,22350.0,1,38.55614176,-121.55220406,4
2014,2014-01-07,1711,1,4,17,2,N,A,N,A,H,C,A,01,N,03,C,,,,,C,Y,N,D,1,0,0,0,22350.0,2,38.56643501,-121.52606489,4
2014,2014-01-17,2300,1,4,23,5,N,A,Y,A,H,D,D,22,N,01,F,,,,,A,Y,M,D,1,0,0,0,23152.0,1,38.67322275,-121.63961011,3
2014,2014-01-13,1152,1,4,11,1,N,A,Y,A,H,A,C,02,S,03,C,,,Y,Y,C,Y,N,D,2,0,0,2,22350.0,2,38.44394336,-121.58288547,2
2013,2013-01-17,1102,1,4,11,4,Y,A,N,A,H,A,A,01,,03,C,,,,,C,Y,N,A,2,0,0,0,22350.0,3,38.590255,-121.5334331,4
2013,2013-11-27,1450,11,3,14,3,N,A,N,A,H,A,A,01,S,- ,C,,,,,C,N,N,A,1,0,0,0,,2,38.6770754,-121.7470232,4
2014,2014-01-12,1910,1,4,19,7,N,B,Y,A,H,C,F,25,W,08,B,,,,Y,E,Y,N,D,1,0,0,0,22107.0,2,38.57266534,-121.58675708,4
2014,2014-01-15,141,1,4,1,3,N,A,Y,A,H,D,-,- ,E,18,D,,,,Y,C,Y,N,D,1,0,0,0,,3,38.57495257,-121.54204454,4
2014,2014-01-26,1626,1,4,16,7,N,A,N,A,G,A,D,22,N,01,F,,,,,A,Y,N,D,1,0,0,0,23152.0,1,38.62639939,-121.74798449,3
2014,2014-01-15,1340,1,4,13,3,N,A,Y,A,H,A,A,01,E,03,C,,,,,C,Y,N,D,3,0,0,0,22350.0,2,38.67784694,-121.83425109,4
2014,2014-01-15,1736,1,4,17,3,N,A,Y,A,H,D,A,07,S,08,F,,,,,A,Y,N,D,1,0,0,0,22107.0,1,38.79264228,-121.7385179,4
2014,2014-01-15,1725,1,4,17,3,N,A,Y,A,H,B,A,01,E,03,C,,,,,C,N,N,D,3,0,0,0,22350.0,2,38.57409688,-121.51882132,4
2014,2014-01-10,1800,1,4,18,5,N,A,Y,A,H,B,A,01,W,03,C,,,,,C,Y,N,D,2,0,0,0,22350.0,2,38.55219897,-121.69589144,4
2014,2014-01-15,140,1,4,1,3,N,A,Y,A,H,C,A,01,E,01,E,,,,,I,Y,N,D,1,0,0,0,23152.0,1,38.57495377,-121.54223149,3
2014,2014-01-11,409,1,4,4,6,N,A,Y,A,H,D,N,60,E,11,B,Y,,,,B,N,N,D,1,1,0,0,21954.0,2,38.67770229,-121.81051681,2
2014,2014-01-05,1905,1,4,19,7,Y,A,N,A,H,D,A,01,,12,D,,,,,C,Y,N,D,3,0,0,0,22450.0,2,38.56157999,-121.85883997,4
2014,2014-01-01,225,1,4,2,3,N,A,Y,A,H,D,A,07,N,08,C,,,,,C,N,M,D,1,0,0,0,22107.0,2,38.67342357,-121.63021193,3
2013,2013-11-30,1415,11,3,14,6,N,A,N,A,H,A,-,- ,W,21,G,Y,,,,B,N,N,A,1,1,0,0,22106.0,2,38.5217055,-121.9693328,4
2014,2014-01-12,1340,1,4,13,7,N,A,N,A,H,A,-,,S,02,C,,,,,D,N,N,D,1,0,0,0,22400.0,2,38.53886045,-121.76089757,4
2013,2013-11-07,1207,11,3,12,4,N,A,N,A,H,A,L,04,S,09,H,,Y,,,G,N,N,A,1,0,1,0,21804.0,2,38.54634185,-121.75880134,4
2014,2014-01-20,1548,1,4,15,1,Y,A,N,A,H,A,-,,,03,C,,,,,C,N,N,D,1,0,0,0,22350.0,2,38.68470995,-121.77689993,4
2014,2014-01-18,1326,1,4,13,6,N,A,N,A,H,A,A,01,W,08,-,,,,,C,Y,N,A,3,0,0,0,22107.0,2,38.67889128,-121.78886576,4
2014,2014-01-10,1825,1,4,18,5,N,A,Y,A,H,C,A,01,W,03,C,,,,,C,N,N,A,3,0,0,0,22350.0,3,38.54001407,-121.73552686,4
2013,2013-12-16,1836,12,4,18,1,Y,A,N,A,H,C,A,07,,12,E,,,,,I,Y,N,A,1,0,0,0,21453.0,1,38.678815,-121.7781632,2
2014,2014-01-18,1241,1,4,12,6,N,A,N,A,H,A,A,01,S,03,C,,,,,C,N,N,A,1,0,0,0,22350.0,2,38.54063249,-121.73811665,4
2013,2013-12-16,1740,12,4,17,1,Y,A,N,A,H,C,A,01,,09,H,,Y,,,G,N,N,A,1,0,1,0,21801.0,2,38.5507251,-121.7527132,4
2013,2013-10-31,1410,10,3,14,4,N,A,N,A,H,A,A,01,E,09,A,,,,,C,N,N,D,1,0,0,0,21804.0,2,38.5620951,-121.7577541,4
2014,2014-01-24,1135,1,4,11,5,N,A,N,A,H,A,L,04,E,03,C,,Y,,,C,N,N,D,1,0,1,0,22350.0,2,38.5472,-121.83894705,4
2014,2014-01-14,1422,1,4,14,2,N,A,Y,A,H,A,A,01,W,08,E,,,,,I,Y,N,D,1,0,0,0,22107.0,1,38.70351635,-122.09752711,4
2014,2014-01-24,1145,1,4,11,5,N,A,Y,A,H,A,A,01,W,03,C,,,,,C,N,N,D,1,0,0,0,22350.0,2,38.7278986,-122.14138522,4
2014,2014-01-17,40,1,4,0,5,Y,A,N,A,H,C,-,- ,,03,C,,,,Y,C,Y,N,D,1,0,0,0,22350.0,3,38.67704994,-121.71613992,4
2014,2014-01-30,726,1,4,7,4,N,B,N,B,H,A,D,22,W,08,F,,,,,I,Y,N,D,1,0,0,0,22107.0,1,38.54695853,-121.81433655,3
2014,2014-01-29,1643,1,4,16,3,N,B,Y,A,H,A,A,01,S,03,C,,,,Y,C,Y,N,D,2,0,0,0,22350.0,2,38.61635296,-121.76658857,4
2014,2014-02-03,1652,2,4,16,1,N,A,Y,A,H,A,D,22,N,01,E,,,,,I,Y,N,D,1,0,0,0,23152.0,1,38.75198895,-121.77558846,4
2013,2013-10-22,1900,10,3,19,2,N,A,N,A,A,C,-,- ,W,00,H,,Y,,,A,N,N,D,1,0,1,0,,1,38.5607951,-121.7458624,2
2013,2013-10-22,900,10,3,9,2,Y,A,N,A,H,A,N,60,,11,G,Y,,,,B,N,N,A,1,1,0,0,21950.0,2,38.551705,-121.7200931,3
2013,2013-10-10,1928,10,3,19,4,Y,A,N,A,H,C,A,01,,03,C,,,,,C,Y,N,A,1,0,0,0,22350.0,2,38.546695,-121.6944831,4
2013,2013-10-03,1607,10,3,16,4,Y,A,N,A,H,A,C,02,,03,C,,,Y,,C,N,N,D,1,0,0,1,22350.0,2,38.546955,-121.7774932,3
2013,2013-10-02,2122,10,3,21,3,Y,A,N,A,H,B,L,04,,08,H,,Y,,,G,N,N,A,1,0,1,0,22107.0,2,38.5507251,-121.7527132,4
2014,2014-01-14,1520,1,4,15,2,Y,A,N,A,H,A,A,01,,09,D,,Y,,,G,N,N,A,1,0,1,0,21801.0,2,38.57930989,-121.52607994,3
2014,2014-01-31,2330,1,4,23,5,N,A,N,A,H,D,D,22,W,01,F,,,,,I,Y,N,D,3,0,0,0,23152.0,1,38.73606815,-121.88049045,2
2014,2014-01-20,1730,1,4,17,1,N,A,Y,A,H,B,A,01,W,01,B,,,,,I,Y,N,D,1,0,0,0,23152.0,3,38.56067095,-121.65513574,4
2014,2014-02-05,105,2,4,1,3,N,A,Y,A,H,C,A,01,W,09,D,,,,,C,Y,N,D,1,0,0,0,21801.0,2,38.7283178,-122.14156593,4
2013,2013-11-11,825,11,3,8,1,Y,A,N,A,H,A,A,01,,09,D,,Y,,,G,N,N,A,1,0,1,0,21802.0,2,38.663919,-121.735638,4
2014,2014-02-11,1708,2,4,17,2,N,A,Y,A,H,A,F,26,E,03,C,,,,Y,C,Y,N,D,1,0,0,0,22350.0,3,38.57605044,-121.52159119,4
2014,2014-01-24,610,1,4,6,5,N,A,Y,A,H,B,A,01,W,07,B,,,,,C,Y,N,D,1,0,0,0,21658.0,2,38.56188375,-121.64797933,3
2014,2014-02-03,1625,2,4,16,1,Y,A,N,A,H,A,A,01,,04,C,,,,,C,N,N,A,1,0,0,0,21703.0,2,38.57624,-121.52483999,4
2014,2014-01-22,1528,1,4,15,3,N,A,N,A,H,A,A,01,W,01,C,,,,,C,Y,N,A,3,0,0,0,23153.0,4,38.58956129,-121.52718641,4
2014,2014-02-01,1401,2,4,14,6,Y,A,N,A,H,A,A,01,,03,C,,,,,C,N,N,A,2,0,0,0,22350.0,2,38.56251994,-121.73105998,4
2014,2014-02-13,2148,2,4,21,4,Y,A,N,-,-,A,L,04,,01,-,,Y,,,-,N,N,-,1,0,1,0,21200.0,1,38.54484995,-121.74739996,3
2014,2014-02-08,2138,2,4,21,6,Y,C,N,B,H,C,A,01,,12,H,,Y,,,G,N,N,A,1,0,1,0,21453.0,2,38.5462999,-121.75279997,3
2014,2014-02-04,1452,2,4,14,2,Y,A,N,A,H,A,A,01,,12,D,,,,,C,N,N,A,2,0,0,0,22450.0,2,38.54679994,-121.73625998,3
2014,2014-02-23,1659,2,4,16,7,Y,A,N,A,H,A,A,01,,03,C,,,,,C,N,N,A,1,0,0,0,22350.0,2,38.5462999,-121.75279997,4
2014,2014-02-24,843,2,4,8,1,Y,A,N,A,H,A,A,01,,12,D,,,,,C,Y,N,A,1,0,0,0,21453.0,2,38.54879994,-121.69437986,4
2014,2014-02-09,1400,2,4,14,7,N,C,N,B,H,A,A,01,S,09,H,,Y,,,G,N,N,A,1,0,1,0,21804.0,2,38.56012118,-121.75856,3
2014,2014-02-17,1645,2,4,16,1,Y,A,N,A,H,A,A,01,,09,H,,Y,,,G,N,N,A,1,0,1,0,21801.0,2,38.55137992,-121.74208993,4
2014,2014-02-18,1213,2,4,12,2,N,A,N,A,H,A,A,01,W,03,C,,,,,C,Y,N,D,2,0,0,0,22350.0,2,38.54874316,-121.71659842,4
2014,2014-01-17,1017,1,4,10,5,Y,A,N,A,H,A,-,- ,,18,A,,,,,C,Y,N,A,1,0,0,0,,2,38.55696997,-121.74338992,3
2014,2014-02-02,2500,2,4,25,7,Y,C,N,B,H,A,A,07,,09,A,,,,,C,N,N,A,1,0,0,0,21453.0,2,38.54640993,-121.75875993,4
2014,2014-02-17,1445,2,4,14,1,N,A,Y,A,H,A,A,01,E,03,C,,,,,C,Y,N,D,2,0,0,0,22350.0,2,38.5794986,-121.56082717,4
2014,2014-02-21,1541,2,4,15,5,N,A,Y,A,H,A,D,22,N,08,F,,,,,J,Y,N,D,1,0,0,0,22107.0,1,38.6732088,-121.63734563,3
2014,2014-02-26,1920,2,4,19,3,N,C,Y,B,H,D,D,22,W,08,E,,,,,I,Y,N,D,1,0,0,0,22107.0,1,38.56155904,-121.64976274,3
2014,2014-01-29,1242,1,4,12,3,N,A,N,A,H,A,A,08,E,- ,C,,,,,C,Y,N,A,1,0,0,0,,3,38.69196941,-121.77779095,4
2014,2014-01-28,1930,1,4,19,2,N,A,N,B,H,D,A,01,E,08,E,,,,,I,N,N,D,1,0,0,0,22107.0,1,38.74236601,-121.79145605,4
2014,2014-01-28,1541,1,4,15,2,N,A,Y,A,H,A,A,07,W,01,F,,,,,J,Y,N,D,1,0,0,0,23152.0,1,38.72664238,-122.14083315,3
2014,2014-01-17,1550,1,4,15,5,N,A,N,A,H,A,C,02,W,01,F,,,Y,,A,N,N,D,1,0,0,1,23152.0,1,38.7954489,-121.72043424,3
2014,2014-01-30,2140,1,4,21,4,N,C,N,B,H,D,A,01,E,03,E,,,,,I,Y,N,-,1,0,0,0,22350.0,1,38.5608345,-121.65064573,4
2014,2014-01-07,1443,1,4,14,2,Y,A,N,A,H,A,D,22,,09,D,,,Y,,C,N,N,A,1,0,0,1,21802.0,2,38.54712993,-121.74219988,4
2014,2014-02-10,1821,2,4,18,1,N,A,N,A,H,C,A,01,W,09,D,,,Y,,C,N,N,A,1,0,0,1,21801.0,2,38.56081442,-121.74699093,4
2014,2014-01-31,1810,1,4,18,5,Y,A,N,A,H,C,L,04,,12,H,,Y,,,G,N,N,A,1,0,1,0,21453.0,2,38.54640993,-121.75875993,4
2014,2014-02-17,1159,2,4,11,1,N,A,Y,A,H,A,A,01,W,03,C,,,,,C,N,N,D,1,0,0,0,22350.0,2,38.57407113,-121.5796572,4
2014,2014-02-11,1100,2,4,11,2,N,B,Y,A,H,A,A,01,S,08,E,,,,,I,N,N,D,1,0,0,0,22107.0,1,38.77726003,-121.77501363,3
2013,2013-12-08,1730,12,4,17,7,N,A,N,A,H,C,-,- ,E,00,H,,Y,,,A,N,N,A,1,0,1,0,,1,38.5617491,-121.7550023,4
2013,2013-12-22,1720,12,4,17,7,Y,A,N,A,H,C,A,01,,09,D,,,,,C,Y,N,A,1,0,0,0,21802.0,2,38.558005,-121.7030731,4
2013,2013-12-16,1600,12,4,16,1,Y,A,N,A,H,A,C,02,,03,A,,,Y,,C,Y,N,A,1,0,0,1,22350.0,2,38.548815,-121.7403032,2
2013,2013-12-13,1,12,4,0,5,N,A,N,A,H,D,A,01,E,08,E,,,,,J,Y,N,D,1,0,0,0,22107.0,1,38.4573596,-121.5702003,3
2013,2013-12-13,1635,12,4,16,5,N,A,N,A,H,A,C,02,S,01,F,,,Y,,A,Y,N,D,1,0,0,1,23152.0,1,38.4511218,-121.5025977,3
2013,2013-12-21,1543,12,4,15,6,Y,A,N,A,H,A,A,01,,09,H,,Y,,,G,N,N,D,1,0,1,0,21801.0,2,38.551695,-121.7403932,4
2014,2014-02-23,1045,2,4,10,7,N,A,Y,A,H,A,C,02,E,21,D,,,Y,,E,N,N,D,2,0,0,2,22106.0,2,38.69238265,-122.01680403,3
2014,2014-01-30,2200,1,4,22,4,Y,B,N,B,H,C,A,01,,09,D,,,,,C,N,N,A,1,0,0,0,21801.0,2,38.55265995,-121.71600998,4
2013,2013-12-27,2355,12,4,23,5,N,A,N,A,H,C,-,- ,S,03,E,,,,,I,Y,M,A,1,0,0,0,22350.0,1,38.5720676,-121.523472,3
2014,2014-02-28,1818,2,4,18,5,Y,B,N,B,H,C,A,01,,09,D,,,,,C,Y,N,A,2,0,0,0,21802.0,2,38.54712993,-121.74219988,3
2014,2014-01-31,1950,1,4,19,5,N,A,Y,A,H,C,A,07,N,08,F,,,,,I,Y,N,D,1,0,0,0,22107.0,1,38.86303463,-121.95528935,3
2014,2014-02-05,2100,2,4,21,3,Y,C,N,B,H,D,A,01,,03,E,,,,,I,Y,N,D,1,0,0,0,22350.0,1,38.66386997,-121.97085,4
2014,2014-01-18,1834,1,4,18,6,N,A,N,A,H,D,A,01,S,08,E,,,,,I,Y,N,D,1,0,0,0,22107.0,1,38.5605245,-121.89949854,3
2014,2014-02-07,1918,2,4,19,5,Y,C,N,B,H,C,D,22,,10,G,Y,,,,B,N,N,A,1,1,0,0,21950.0,2,38.54620998,-121.73960992,4
2014,2014-03-06,1440,3,1,14,4,N,A,N,A,H,A,A,01,S,09,D,,,,,D,Y,N,A,1,0,0,0,21802.0,2,38.61960352,-121.80289017,4
2014,2014-02-17,1826,2,4,18,1,N,A,Y,A,H,D,A,01,W,03,C,,,,,C,Y,N,D,1,0,0,0,22350.0,4,38.57513271,-121.55220918,4
2014,2014-02-17,339,2,4,3,1,N,A,N,A,H,C,A,01,E,01,D,,,,,E,Y,N,D,1,0,0,0,23152.0,3,38.67580118,-121.79117662,4
2013,2013-03-06,1007,3,1,10,3,Y,A,N,A,H,A,D,22,,09,A,,,,,C,Y,N,A,1,0,0,0,21801.0,2,38.671055,-121.7896632,4
2014,2014-01-31,1024,1,4,10,5,Y,A,N,A,H,A,A,01,,10,G,Y,,,,B,N,N,A,1,1,0,0,21950.0,2,38.67746999,-121.77313994,3
2014,2014-03-15,1520,3,1,15,6,N,A,Y,A,H,A,D,22,E,03,C,,,,,C,Y,N,D,2,0,0,0,22350.0,3,38.55729897,-121.67488637,4
2014,2014-03-18,800,3,1,8,2,N,A,Y,A,H,A,A,01,E,03,C,,,,,C,Y,N,A,1,0,0,0,22350.0,2,38.57407783,-121.51914544,4
2014,2014-03-16,310,3,1,3,7,N,A,N,A,H,D,A,01,N,01,F,,,,,I,Y,N,D,1,0,0,0,23152.0,1,38.38589004,-121.51730884,3
2014,2014-03-10,637,3,1,6,1,N,B,Y,B,H,D,A,01,E,03,E,,,,,I,Y,N,D,1,0,0,0,22350.0,1,38.57583208,-121.52082717,4
2014,2014-03-13,2105,3,1,21,4,Y,A,N,A,H,D,A,08,,03,C,,,,,C,Y,N,D,1,0,0,0,22350.0,2,38.63408998,-121.80272,3
2014,2014-03-15,1315,3,1,13,6,N,A,Y,A,H,A,A,01,W,03,C,,,,,C,Y,N,A,2,0,0,0,22350.0,2,38.68092038,-121.96125369,3
2013,2013-11-23,130,11,3,1,6,N,F,N,A,B,C,N,60,N,11,G,Y,,,,B,N,N,D,1,1,0,0,21954.0,2,38.5452129,-121.7474906,3
2013,2013-10-27,110,10,3,1,7,N,A,Y,A,H,D,A,01,S,03,B,,,,,C,Y,N,D,1,0,0,0,22350.0,2,38.6733351,-121.6661882,4
2014,2014-03-10,913,3,1,9,1,Y,B,N,B,H,A,A,01,,09,D,,,,,C,Y,N,A,1,0,0,0,21802.0,2,38.58487988,-121.51354994,3
2014,2014-03-06,814,3,1,8,4,Y,A,N,B,H,A,A,01,,09,A,,,,,C,Y,N,A,1,0,0,0,21802.0,2,38.59024995,-121.51390988,4
2014,2014-03-13,746,3,1,7,4,N,A,N,A,H,A,A,08,E,10,G,Y,,,,B,N,F,A,1,1,0,0,21950.0,2,38.59364352,-121.51968816,3
2014,2014-03-09,1507,3,1,15,7,Y,A,N,A,H,A,A,01,,09,D,,,,,C,Y,N,D,1,0,0,0,21801.0,2,38.57950994,-121.54532986,4