ACCIDENT_YEAR,COLLISION_DATE,COLLISION_TIME,MONTH,SEASON,24HOURS,DAY_OF_WEEK,INTERSECTION,WEATHER_1,STATE_HWY_IND,ROAD_SURFACE,ROAD_COND_1,LIGHTING,STWD_VEHTYPE_AT_FAULT,CHP_VEHTYPE_AT_FAULT,DIRECTION,PCF_VIOL_CATEGORY,TYPE_OF_COLLISION,PEDESTRIAN_ACCIDENT,BICYCLE_ACCIDENT,MOTORCYCLE_ACCIDENT,TRUCK_ACCIDENT,MVIW,TOW_AWAY,HIT_AND_RUN,CONTROL_DEVICE,NUMBER_INJURED,COUNT_PED_INJURED,COUNT_BICYCLIST_INJURED,COUNT_MC_INJURED,PCF_VIOLATION,PARTY_COUNT,POINT_Y,POINT_X,COLLISION_SEVERITY
2016,2016-03-24,1229,3,1,12,4,Y,A,N,A,H,A,A,01,,09,D,,,,,C,N,N,A,1,0,0,0,21453.0,2,38.55073999,-121.75269987,4
2016,2016-02-15,1710,2,4,17,1,N,A,N,A,H,A,A,01,E,03,B,,,,,E,Y,N,A,1,0,0,0,22350.0,2,38.55961,-121.73871,3
2016,2016-04-11,1428,4,1,14,1,N,A,N,A,H,A,L,04,N,08,H,,Y,,,G,N,N,D,1,0,1,0,22107.0,2,38.55935599,-121.75857,3
2016,2016-07-12,1139,7,2,11,2,N,A,N,A,H,A,A,07,E,03,C,,,,,C,N,N,A,1,0,0,0,22350.0,2,38.67743805,-121.77162476,4
2016,2016-07-19,1942,7,2,19,2,Y,A,N,A,H,A,-,,,00,G,Y,,,,B,N,N,A,1,1,0,0,29150.0,2,38.52186992,-121.96888993,3
2016,2016-07-17,914,7,2,9,7,Y,A,N,A,H,A,A,01,,12,D,,,,,C,Y,N,A,2,0,0,0,21453.0,2,38.56098201,-121.7793873,4
2016,2016-07-25,552,7,2,5,1,N,A,N,A,H,A,A,01,N,08,E,,,,,I,Y,N,A,1,0,0,0,22107.0,1,38.5489093,-121.69439401,3
2016,2016-08-12,1611,8,2,16,5,N,A,N,A,H,A,A,01,W,03,C,,,,,C,N,N,A,1,0,0,0,22350.0,3,38.55639,-121.54061,4
2016,2016-07-15,1901,7,2,19,5,N,A,N,A,H,A,D,22,W,08,D,,Y,,,G,N,N,D,1,0,1,0,22107.0,2,38.66285349,-121.76646786,4
2016,2016-07-27,1349,7,2,13,3,N,A,N,A,H,A,A,01,E,05,D,,,,,C,Y,N,D,1,0,0,0,21650.0,2,38.67998001,-121.78222093,4
2016,2016-08-08,1550,8,2,15,1,N,A,N,A,H,A,A,01,E,04,C,,,,,C,Y,N,A,1,0,0,0,21703.0,2,38.57911965,-121.53056502,4
2016,2016-08-09,1615,8,2,16,2,Y,A,N,A,H,A,L,04,,12,D,,Y,,,G,N,M,A,1,0,1,0,21453.0,2,38.59022998,-121.53341993,3
2016,2016-08-15,257,8,2,2,1,Y,A,N,A,H,C,A,07,,03,C,,,,,C,N,F,A,1,0,0,0,22350.0,2,38.57624,-121.52483999,4
2016,2016-08-08,2126,8,2,21,1,N,A,N,A,H,C,A,07,W,09,D,,,,,C,N,N,D,1,0,0,0,21801.0,2,38.57964275,-121.54290516,3
2016,2016-08-03,1615,8,2,16,3,Y,A,N,A,H,A,A,01,,09,D,,,Y,,C,N,N,D,1,0,0,1,21801.0,2,38.55942647,-121.52859092,4
2016,2016-07-26,1,7,2,0,2,Y,A,N,A,H,C,L,04,,12,H,,Y,,,G,N,N,A,1,0,1,0,22450.0,2,38.56056993,-121.73515995,3
2016,2016-08-14,1122,8,2,11,7,Y,A,N,A,H,A,A,01,,09,D,,,,,C,Y,N,A,1,0,0,0,21802.0,2,38.55077993,-121.75651986,3
2016,2016-06-30,2130,6,2,21,4,Y,A,N,A,H,C,A,01,,05,D,,,,,C,Y,F,A,2,0,0,0,21650.0,2,38.59112999,-121.52650985,4
2016,2016-07-28,1633,7,2,16,4,N,A,N,A,H,A,A,01,E,03,C,,,,,C,Y,N,A,2,0,0,0,22350.0,5,38.67759,-121.79314139,4
2016,2016-07-25,1508,7,2,15,1,N,A,N,A,H,A,A,01,W,03,C,,,,,C,N,N,A,1,0,0,0,22350.0,3,38.67727406,-121.73796684,4
2016,2016-08-20,2149,8,2,21,6,N,A,N,A,H,C,A,01,S,03,C,,,,,C,Y,N,D,1,0,0,0,22350.0,2,38.5622609,-121.52826746,4
2016,2016-08-20,2203,8,2,22,6,N,A,N,A,H,C,A,01,N,03,C,,,,,C,Y,N,A,2,0,0,0,22350.0,2,38.5351942,-121.55364017,4
2016,2016-08-17,956,8,2,9,3,Y,A,N,A,H,A,A,01,,09,A,,,,,C,Y,N,A,1,0,0,0,21801.0,2,38.66277998,-121.73563996,4
2016,2016-07-17,35,7,2,0,7,N,A,N,A,H,C,D,22,N,03,E,,,,,I,N,M,D,1,0,0,0,22350.0,1,38.65565503,-121.75662428,4
2016,2016-08-13,1200,8,2,12,6,Y,A,N,A,H,A,D,22,,09,D,,,,,C,Y,N,A,1,0,0,0,21802.0,2,38.67875993,-121.77311986,4
2016,2016-08-12,644,8,2,6,5,N,A,N,A,H,A,A,01,E,03,C,,,,,C,N,N,D,1,0,0,0,22350.0,2,38.6773194,-121.75527425,4
2016,2016-08-13,1350,8,2,13,6,N,A,Y,A,H,A,A,01,S,08,B,,,,,I,Y,N,A,1,0,0,0,22107.0,1,38.67393549,-121.73158955,3
2016,2016-08-24,728,8,2,7,3,N,A,N,A,H,A,A,01,N,03,C,,,,,C,N,N,D,1,0,0,0,22350.0,2,38.66361764,-121.75646195,4
2016,2016-08-16,1827,8,2,18,2,N,A,N,A,H,A,A,01,N,03,C,,,,,C,Y,N,D,1,0,0,0,22350.0,3,38.68958462,-121.78390179,3
2016,2016-08-15,2045,8,2,20,1,Y,A,N,A,H,C,A,01,,03,C,,,,,C,N,F,A,1,0,0,0,22350.0,2,38.68112993,-121.78401992,4
2016,2016-08-23,1200,8,2,12,2,Y,A,N,A,H,A,A,01,,09,D,,,,Y,C,N,N,A,1,0,0,0,21802.0,2,38.58487988,-121.51354994,4
2016,2016-08-23,1740,8,2,17,2,Y,A,N,A,H,A,L,04,,17,B,,Y,,,G,N,N,D,1,0,1,0,21208.0,2,38.57159992,-121.52035996,3
2016,2016-08-26,737,8,2,7,5,N,A,N,A,H,A,A,01,W,09,D,,,,,C,N,N,D,1,0,0,0,21804.0,2,38.59836577,-121.53515828,4
2016,2016-08-04,401,8,2,4,4,N,A,N,A,H,C,A,01,N,03,C,,,,,C,N,N,A,1,0,0,0,22350.0,2,38.54391442,-121.74009503,4
2016,2016-08-31,1100,8,2,11,3,Y,A,N,A,H,A,D,22,,12,D,,,,,C,N,N,A,1,0,0,0,21453.0,2,38.57624,-121.52483999,4
2016,2016-08-04,1326,8,2,13,4,N,A,N,A,H,A,L,04,W,08,C,,Y,,,G,N,N,D,1,0,1,0,22107.0,2,38.57912942,-121.55078217,3
2016,2016-08-24,1450,8,2,14,3,Y,A,N,A,H,A,A,01,,09,D,,Y,,,G,N,N,A,1,0,1,0,21802.0,2,38.57682988,-121.53063988,3
2016,2016-08-26,1628,8,2,16,5,N,A,N,A,H,A,A,01,S,09,E,,,,,I,Y,N,A,1,0,0,0,21802.0,2,38.596137,-121.54715133,4
2016,2016-07-31,1250,7,2,12,7,Y,D,N,A,H,A,A,01,,08,D,,,,,C,N,N,D,1,0,0,0,22103.0,2,38.67343993,-121.74165999,4
2016,2016-09-08,839,9,3,8,4,N,A,N,A,H,A,A,07,N,03,C,,,,,C,Y,N,D,1,0,0,0,22350.0,2,38.68486,-121.79317,4
2016,2016-09-07,734,9,3,7,3,N,A,N,A,H,A,A,07,N,21,C,,,,,C,N,N,A,1,0,0,0,22106.0,2,38.57025493,-121.57845,4
2016,2016-09-05,945,9,3,9,1,N,A,N,A,H,A,A,01,,09,D,,,,,C,Y,N,A,1,0,0,0,21802.0,2,38.57830991,-121.51605986,4
2016,2016-09-01,1231,9,3,12,4,N,A,N,A,H,A,C,02,W,03,F,,,Y,,A,Y,N,D,1,0,0,1,22350.0,1,38.67751245,-121.78273677,4
2016,2016-09-03,1443,9,3,14,6,N,A,N,A,H,A,A,01,E,03,C,,,,,C,N,N,D,1,0,0,0,22350.0,2,38.67876,-121.7741289,4
2016,2016-08-31,1205,8,2,12,3,N,A,N,A,H,A,A,01,E,08,B,,,,,C,Y,N,D,2,0,0,0,22107.0,2,38.6628,-121.74089706,4
2016,2016-08-18,1345,8,2,13,4,Y,A,N,A,H,A,A,01,,12,D,,,,,C,Y,N,A,4,0,0,0,21453.0,2,38.67989992,-121.76540993,3
2016,2016-08-24,1214,8,2,12,3,Y,A,N,A,H,A,A,07,,09,D,,,,,C,Y,N,A,1,0,0,0,21453.0,2,38.67892997,-121.79324999,4
2016,2016-05-04,1636,5,1,16,3,Y,A,N,A,H,A,A,01,,00,D,,,,,C,N,N,A,1,0,0,0,21082.0,2,38.54679994,-121.73625998,4
2016,2016-09-08,2243,9,3,22,4,Y,A,N,A,H,C,A,01,,09,D,,,,,C,N,N,A,2,0,0,0,21453.0,2,38.54634995,-121.74541992,4
2016,2016-08-20,1100,8,2,11,6,N,A,N,A,H,A,A,01,N,17,C,,,,,C,Y,N,A,3,0,0,0,22109.0,2,38.54277892,-121.72524513,4
2016,2016-08-09,1213,8,2,12,2,Y,A,N,A,H,A,A,01,,09,D,,,,,C,Y,N,A,2,0,0,0,21802.0,2,38.54268999,-121.74434986,4
2016,2016-09-08,1756,9,3,17,4,Y,A,N,A,H,A,D,22,,12,D,,,,,C,Y,N,A,3,0,0,0,21453.0,5,38.59150992,-121.54530993,4
2016,2016-09-14,845,9,3,8,3,N,A,N,A,H,A,A,01,E,01,A,,,Y,,C,Y,N,D,1,0,0,1,23152.0,3,38.58300959,-121.49905846,3
2016,2016-09-04,1149,9,3,11,7,N,A,N,A,H,A,-,- ,S,18,H,,,Y,,H,N,N,D,1,0,0,1,,1,38.52205,-121.55598073,3
2016,2016-09-12,1453,9,3,14,1,N,A,N,A,H,A,A,01,E,09,G,Y,,,,B,N,N,D,1,1,0,0,21804.0,2,38.58092407,-121.52563346,3
2016,2016-08-11,1349,8,2,13,4,Y,A,N,A,H,A,A,07,,09,D,,,,,C,Y,N,D,1,0,0,0,21801.0,2,38.66830997,-121.76955994,3
2016,2016-09-17,2302,9,3,23,6,Y,A,N,A,H,C,A,01,,08,E,,,,,I,Y,N,D,1,0,0,0,22107.0,1,38.58159997,-121.52212996,4
2016,2016-09-18,1653,9,3,16,7,Y,A,N,A,H,A,B,07,,09,D,,,,,C,Y,N,D,1,0,0,0,21804.0,2,38.57986998,-121.5391499,4
2016,2016-09-20,1354,9,3,13,2,N,A,N,A,H,A,L,04,N,05,D,,Y,,,G,N,N,D,1,0,1,0,21650.0,2,38.57225325,-121.51990576,3
2016,2016-09-21,400,9,3,4,3,N,A,Y,A,H,C,A,01,,12,D,,,,,C,N,N,A,2,0,0,0,21453.0,2,38.5751423,-121.5454402,4
2016,2016-09-01,1537,9,3,15,4,N,A,Y,A,H,A,L,04,W,05,H,,Y,,,G,Y,N,D,1,0,1,0,21650.0,2,38.67223986,-121.75129001,4
2016,2016-09-18,716,9,3,7,7,N,A,N,A,H,A,A,01,N,08,C,,,,,E,N,N,D,1,0,0,0,22107.0,2,38.57442142,-121.52835656,4
2016,2016-09-12,838,9,3,8,1,Y,A,N,A,H,A,A,01,,12,D,,,,,C,Y,N,A,3,0,0,0,21453.0,2,38.57220993,-121.57832991,4
2016,2016-08-24,1745,8,2,17,3,Y,A,N,A,H,A,L,04,,09,H,,Y,,,G,N,N,D,1,0,1,0,21801.0,2,38.54628,-121.74660996,4
2016,2016-08-30,1600,8,2,16,2,Y,A,N,A,H,A,A,01,,03,C,,,,,C,N,N,A,1,0,0,0,22350.0,2,38.55178991,-121.73874992,4
2016,2016-09-25,1340,9,3,13,7,N,A,N,A,H,A,A,07,W,01,A,,,,,C,Y,N,D,1,0,0,0,23153.0,2,38.55648333,-121.54856335,3
2016,2016-09-23,1219,9,3,12,5,N,A,Y,A,H,A,A,01,N,03,C,,,,,C,Y,N,A,1,0,0,0,22350.0,2,38.57526925,-121.52015676,4
2016,2016-09-22,817,9,3,8,4,Y,A,N,A,H,A,A,01,,09,D,,Y,,,G,N,N,A,1,0,1,0,21802.0,2,38.57990993,-121.53818997,4
2016,2016-09-26,1640,9,3,16,1,N,A,N,A,H,A,L,04,S,09,D,,Y,,,G,,N,D,1,0,1,0,21804.0,2,38.53898934,-121.7608885,4
2016,2016-09-05,335,9,3,3,1,Y,A,N,A,H,C,A,01,,01,C,,,,,E,Y,N,D,1,0,0,0,23152.0,2,38.67372997,-121.7603499,3
2016,2016-09-18,2135,9,3,21,7,N,A,N,A,H,C,A,07,E,08,E,,,,,I,Y,N,A,2,0,0,0,22107.0,1,38.66464,-121.73705988,3
2016,2016-09-19,1506,9,3,15,1,Y,A,N,A,H,A,L,04,,05,D,,Y,,,G,N,N,A,1,0,1,0,21650.0,2,38.67200994,-121.77476994,3
2016,2016-09-19,1805,9,3,18,1,N,A,N,A,H,A,A,01,W,03,C,,,,,C,N,N,A,1,0,0,0,22350.0,2,38.67763155,-121.79797509,4
2016,2016-08-15,1602,8,2,16,1,Y,A,N,A,H,A,A,01,,03,C,,,,,C,N,N,D,1,0,0,0,22350.0,2,38.66820995,-121.74845985,4
2016,2016-09-27,2348,9,3,23,2,N,A,N,A,-,D,C,02,N,01,B,,,Y,,-,N,N,D,2,0,0,2,23153.0,2,38.55606078,-121.55246417,2
2016,2016-10-15,1941,10,3,19,6,Y,C,N,B,H,C,A,01,,12,D,,,,,C,Y,N,A,3,0,0,0,22450.0,2,38.54694996,-121.74323992,4
2016,2016-11-03,1556,11,3,15,4,Y,A,N,A,H,A,A,01,,12,D,,,,,C,Y,N,A,2,0,0,0,21453.0,2,38.55073999,-121.75269987,4
2016,2016-11-08,1708,11,3,17,2,N,A,N,A,H,B,A,01,E,09,D,,,,,C,N,N,D,1,0,0,0,21801.0,2,38.5441312,-121.73372509,4
2016,2016-11-09,1744,11,3,17,3,N,A,N,A,H,D,-,- ,E,00,H,,Y,,,G,N,F,A,1,0,1,0,,2,38.55289501,-121.78020987,4
2016,2016-10-03,930,10,3,9,1,N,B,N,A,H,A,N,60,W,11,H,Y,Y,,,-,N,N,D,2,1,1,0,21954.0,2,38.54690554,-121.72452049,4
2016,2016-09-23,19,9,3,0,5,N,A,N,A,H,C,L,04,N,01,H,,Y,,,G,N,N,D,1,0,1,0,21200.0,2,38.55155738,-121.72695102,3
2016,2016-08-14,159,8,2,1,7,N,A,N,A,H,C,A,71,W,01,E,,,,,J,Y,N,A,1,0,0,0,23152.0,1,38.55164242,-121.72029542,3
2016,2016-08-04,2037,8,2,20,4,N,A,N,A,H,B,A,07,W,09,H,,Y,,,G,N,N,D,1,0,1,0,21804.0,2,38.55333435,-121.72861096,4
2016,2016-09-13,1831,9,3,18,2,N,A,N,A,B,A,L,04,N,09,A,,Y,,,G,N,N,D,1,0,1,0,21804.0,2,38.54723385,-121.75875018,3
2016,2016-09-20,1804,9,3,18,2,Y,A,N,A,H,A,A,01,,03,H,,Y,,,G,N,N,A,1,0,1,0,22350.0,2,38.5462599,-121.74891988,4
2016,2016-09-14,1455,9,3,14,3,N,A,N,A,H,A,A,07,E,03,C,,,,,C,Y,N,D,2,0,0,0,22350.0,2,,,4
2016,2016-09-02,1249,9,3,12,5,N,A,N,A,H,A,N,60,W,08,G,Y,,,,B,N,N,D,1,1,0,0,22107.0,2,38.557317,-121.73695752,3
2015,2015-02-12,1930,2,4,19,4,Y,A,N,A,H,C,N,60,,09,G,Y,,,,B,N,N,A,1,1,0,0,21453.0,2,38.54195989,-121.74069993,4
2016,2016-09-22,1715,9,3,17,4,N,A,N,A,H,A,A,08,,09,D,,Y,,,G,N,M,D,1,0,1,0,21804.0,2,38.58229525,-121.51974162,3
2016,2016-10-04,719,10,3,7,2,N,B,N,A,H,A,D,22,S,09,D,,,,Y,C,Y,N,A,2,0,0,0,21804.0,3,38.58059542,-121.5266233,3
2016,2016-10-01,745,10,3,7,6,N,A,N,A,H,A,-,,S,09,E,,,,,I,Y,N,D,1,0,0,0,21804.0,1,38.5744583,-121.52425456,3
2016,2016-09-01,1613,9,3,16,4,Y,A,N,A,H,A,A,01,,12,D,,,,,C,Y,N,A,1,0,0,0,21453.0,2,38.55655991,-121.69413997,4
2016,2016-09-23,1915,9,3,19,5,N,A,Y,A,H,B,-,,E,08,D,,Y,,,G,N,N,D,1,0,1,0,22107.0,2,38.53020149,-121.9563992,4
2016,2016-10-07,1623,10,3,16,5,N,A,N,A,H,A,L,04,N,05,A,,Y,,,G,N,N,D,1,0,1,0,21650.0,2,,,3
2016,2016-10-07,10,10,3,0,5,Y,A,N,A,H,C,D,22,,03,C,,,,,C,Y,N,A,2,0,0,0,22350.0,2,38.57131,-121.52343989,4
2016,2016-10-07,1051,10,3,10,5,N,A,Y,A,H,A,D,22,N,03,C,,,,,C,N,N,A,1,0,0,0,22350.0,3,38.57526925,-121.52015676,4
2016,2016-09-07,759,9,3,7,3,Y,A,N,A,H,A,A,07,,09,D,,,,,C,Y,N,A,3,0,0,0,21802.0,2,38.68833996,-121.7778799,4
2016,2016-09-19,1845,9,3,18,1,Y,A,N,A,H,B,A,07,,09,D,,Y,,,G,N,N,D,1,0,1,0,21801.0,2,38.6682599,-121.75507986,4
2016,2016-09-19,2000,9,3,20,1,Y,A,N,A,H,C,A,01,,09,D,,Y,,,G,N,N,A,1,0,1,0,21453.0,2,38.66870997,-121.72862991,3
2016,2016-09-21,816,9,3,8,3,N,A,N,A,H,A,L,04,S,12,D,,Y,,,G,N,N,A,1,0,1,0,21453.0,2,38.67213528,-121.79333022,3
2016,2016-10-11,1101,10,3,11,2,Y,A,N,A,H,A,A,01,,12,D,,,,,C,Y,N,A,1,0,0,0,21453.0,2,38.58193993,-121.51427998,4
2016,2016-09-27,1214,9,3,12,2,N,A,N,A,H,A,-,,S,08,G,Y,,,,B,N,F,D,1,1,0,0,22107.0,2,38.58090251,-121.54491769,4
2016,2016-09-28,1407,9,3,14,3,Y,A,N,A,H,A,A,01,,10,G,Y,,,,B,N,N,A,1,1,0,0,21950.0,2,38.66296995,-121.78415987,4
2016,2016-10-12,1615,10,3,16,3,N,A,N,A,H,A,A,01,W,03,C,,,,,C,N,N,D,1,0,0,0,22350.0,2,38.55286312,-121.53760663,4
2016,2016-08-26,1207,8,2,12,5,Y,A,N,A,H,A,D,22,,09,D,,,,,C,Y,N,A,1,0,0,0,21800.0,2,38.55618989,-121.75858996,4
2016,2016-10-19,1926,10,3,19,3,N,A,N,A,H,C,A,01,N,10,G,Y,,,,B,N,N,A,1,1,0,0,21950.0,2,38.58073642,-121.52665168,4
2016,2016-10-15,1817,10,3,18,6,N,A,N,A,H,A,A,01,W,09,D,,,Y,,C,Y,N,D,1,0,0,1,21804.0,2,38.57976564,-121.54077975,3
2016,2016-10-02,1415,10,3,14,7,N,A,N,A,H,A,A,01,E,09,D,,,,,C,Y,N,D,2,0,0,0,21802.0,2,38.56293671,-121.72412352,4
2016,2016-08-11,1953,8,2,19,4,N,A,N,A,H,A,L,04,E,03,E,,Y,,,I,N,N,D,1,0,1,0,22350.0,1,38.55086195,-121.69358209,3
2016,2016-10-04,1307,10,3,13,2,N,A,Y,A,H,A,G,25,S,03,C,,,,Y,C,Y,N,D,2,0,0,0,22350.0,2,38.53119374,-121.76877564,4
2016,2016-10-02,1730,10,3,17,7,Y,A,N,A,H,A,B,07,,12,D,,,,,C,Y,N,A,2,0,0,0,21453.0,2,38.65556991,-121.76579998,3
2016,2016-08-24,2121,8,2,21,3,N,A,N,A,B,C,L,04,S,03,E,,Y,,,J,N,N,A,1,0,1,0,22350.0,1,38.56070268,-121.75224,2
2016,2016-10-03,1638,10,3,16,1,N,A,N,A,H,A,D,22,N,09,D,,,,,C,N,N,A,1,0,0,0,21804.0,2,38.56092712,-121.74483043,3
2016,2016-10-15,109,10,3,1,6,N,C,N,B,H,C,L,04,S,03,H,,Y,,,-,N,N,D,1,0,1,0,22350.0,1,38.55775029,-121.75858176,2
2016,2016-10-14,1142,10,3,11,5,N,C,N,B,H,A,A,01,W,03,E,,,,,I,N,N,A,1,0,0,0,22350.0,1,38.56227676,-121.73242574,4
2016,2016-10-06,1726,10,3,17,4,N,A,N,A,H,A,L,04,W,08,H,,Y,,,G,N,N,A,1,0,1,0,22107.0,2,38.55619,-121.75869493,3
2016,2016-10-14,1602,10,3,16,5,N,B,N,B,H,A,A,01,E,03,A,,,,,C,N,N,D,1,0,0,0,22350.0,2,38.5448777,-121.73309822,3
2016,2016-10-09,1411,10,3,14,7,Y,A,N,A,H,A,A,01,,09,A,,,,,C,Y,N,A,1,0,0,0,21801.0,2,38.54080995,-121.73858991,3
2016,2016-09-28,925,9,3,9,3,Y,A,N,A,H,A,A,01,,03,G,Y,,,,B,N,N,A,1,1,0,0,22350.0,2,38.54134998,-121.74398992,4
2016,2016-10-10,940,10,3,9,1,N,A,N,A,H,A,A,01,W,09,D,,,,,C,N,N,D,1,0,0,0,21804.0,2,38.67896179,-121.79853904,4
2016,2016-10-26,1604,10,3,16,3,Y,A,N,A,H,A,A,01,,09,D,,,,,C,N,N,A,1,0,0,0,21800.0,2,38.56108997,-121.71760998,4
2016,2016-10-21,1518,10,3,15,5,Y,A,N,A,H,A,A,01,,09,A,,,,,C,Y,N,D,1,0,0,0,21802.0,2,38.54712993,-121.74219988,3
2016,2016-10-07,853,10,3,8,5,N,A,N,A,H,A,A,01,W,03,C,,Y,,,D,Y,N,A,2,0,1,0,22350.0,4,38.53991847,-121.72836332,3
2016,2016-09-22,837,9,3,8,4,Y,A,N,A,H,A,-,- ,,00,H,,Y,,,G,N,N,A,1,0,1,0,,2,38.5462999,-121.75279997,4
2016,2016-07-27,1758,7,2,17,3,Y,A,N,A,H,A,A,08,,08,B,,,,,C,Y,N,D,1,0,0,0,22100.0,2,38.5529299,-121.74073991,4
2016,2016-08-08,1606,8,2,16,1,N,A,N,A,H,A,A,01,E,09,H,,,,,C,Y,N,D,1,0,0,0,21801.0,3,38.55276032,-121.690507,4
2016,2016-08-19,1709,8,2,17,5,Y,A,N,A,H,A,A,01,,12,D,,,,,C,Y,N,A,2,0,0,0,22450.0,2,38.54679994,-121.73625998,4
2016,2016-10-16,1645,10,3,16,7,Y,A,Y,A,H,A,A,07,,12,D,,,,,C,Y,N,A,2,0,0,0,21453.0,2,38.57497217,-121.54612023,4
2016,2016-10-13,1700,10,3,17,4,N,B,N,A,-,A,A,01,W,09,D,,,,,C,N,N,D,2,0,0,0,21804.0,2,38.59175781,-121.54933065,4
2016,2016-10-04,1608,10,3,16,2,N,A,N,A,H,A,A,01,N,03,C,,,,,C,N,M,A,1,0,0,0,22350.0,2,38.55652656,-121.54059269,4
2016,2016-10-17,1334,10,3,13,1,N,A,N,A,H,A,A,07,S,03,C,,,,,C,Y,N,A,2,0,0,0,22350.0,2,38.67830541,-121.78403,4
2016,2016-10-25,1602,10,3,16,2,Y,A,Y,A,H,A,A,07,,03,C,,,,,C,Y,N,A,2,0,0,0,22350.0,4,38.67462292,-121.74112533,4
2016,2016-10-06,1913,10,3,19,4,Y,A,N,A,H,A,A,01,,09,E,,,,,I,Y,N,A,1,0,0,0,21802.0,1,38.54670994,-121.78942986,3
2016,2016-10-07,2001,10,3,20,5,N,A,N,A,H,C,A,01,W,08,C,,,,,E,Y,M,D,1,0,0,0,22107.0,3,38.67224015,-121.78573653,4
2016,2016-11-06,1345,11,3,13,7,N,B,N,A,H,A,D,22,N,04,C,,,,,C,Y,N,D,2,0,0,0,21703.0,3,38.5442951,-121.54515491,3
2016,2016-11-01,2030,11,3,20,2,N,A,N,A,H,C,D,22,N,01,F,,,,,I,Y,N,A,1,0,0,0,23152.0,1,38.54694535,-121.56716733,4
2016,2016-11-02,1645,11,3,16,3,N,A,N,A,H,A,A,01,N,05,A,,,,,E,Y,N,D,1,0,0,0,21650.0,3,38.58898077,-121.51880516,3
2016,2016-11-01,1745,11,3,17,2,N,A,N,A,H,A,A,01,N,03,C,,,,,C,Y,N,D,1,0,0,0,22350.0,2,38.57314273,-121.51928723,3
2016,2016-11-03,1713,11,3,17,4,N,A,N,A,H,A,A,01,N,03,C,,,,,C,N,N,A,2,0,0,0,22350.0,3,38.55744931,-121.53209567,4
2016,2016-11-02,1500,11,3,15,3,N,A,N,A,H,A,A,01,N,03,C,,,,,C,Y,N,D,3,0,0,0,22350.0,2,38.55479926,-121.53506536,4
2016,2016-11-06,1745,11,3,17,7,Y,A,N,A,H,C,A,01,,01,E,,,,,I,Y,N,D,1,0,0,0,23152.0,1,38.53506997,-121.56167998,3
2016,2016-11-04,1809,11,3,18,5,N,A,N,A,H,B,L,04,E,05,D,,Y,,,G,N,N,A,1,0,1,0,21650.0,2,38.5914541,-121.54381871,4
2016,2016-04-13,1910,4,1,19,3,N,A,N,A,H,A,-,- ,E,00,H,,Y,,,G,N,N,D,1,0,1,0,,1,38.54337293,-121.71080658,3
2016,2016-08-27,1041,8,2,10,6,N,A,N,A,H,A,A,01,S,17,C,,Y,,,G,Y,N,D,0,0,0,0,21208.0,2,38.54086461,-121.54835166,1
2016,2016-08-31,754,8,2,7,3,N,A,N,A,H,A,F,27,W,08,D,,Y,,Y,G,Y,N,D,0,0,0,0,22107.0,2,38.58011076,-121.53579295,1
2016,2016-08-11,1836,8,2,18,4,Y,A,N,A,H,A,A,07,,10,G,Y,,,,B,N,N,D,0,0,0,0,21950.0,2,38.57990993,-121.53818997,1
2016,2016-10-19,303,10,3,3,3,Y,A,N,A,H,C,N,60,,11,G,Y,,,,B,N,N,A,0,0,0,0,21954.0,2,38.68449992,-121.74678994,1
2016,2016-10-08,1926,10,3,19,6,N,A,N,A,H,D,N,60,E,11,G,Y,,,,B,N,N,D,0,0,0,0,21954.0,2,38.5787557,-121.55753328,1
2016,2016-11-14,1257,11,3,12,1,N,A,N,A,H,A,A,07,E,03,C,,,,,C,N,N,D,1,0,0,0,22350.0,2,38.67738425,-121.76296889,4
2016,2016-11-04,1048,11,3,10,5,N,A,N,A,H,A,A,01,W,03,C,,,,,C,N,N,A,1,0,0,0,22350.0,3,38.67728,-121.75157992,4
2016,2016-10-16,33,10,3,0,7,N,C,N,B,H,C,A,01,S,00,D,,,,,C,Y,F,D,1,0,0,0,24400.0,2,38.6878584,-121.77918393,4
2016,2016-10-09,1315,10,3,13,7,N,A,Y,A,H,A,A,01,E,10,-,,Y,,,G,N,N,A,1,0,1,0,21950.0,2,38.67166831,-121.75103757,3
2016,2016-11-09,725,11,3,7,3,Y,E,N,A,H,A,A,08,,09,A,,,,,C,Y,N,A,3,0,0,0,21801.0,2,38.55260994,-121.52049998,2
2016,2016-10-27,1945,10,3,19,4,N,B,N,B,H,C,A,01,W,04,C,,,,,C,N,N,D,1,0,0,0,21703.0,2,38.57712589,-121.54116977,4
2016,2016-11-03,2055,11,3,20,4,Y,A,N,A,H,C,A,01,,01,B,,,,,I,Y,N,A,1,0,0,0,23152.0,1,38.59150992,-121.54530993,4
2016,2016-10-24,1953,10,3,19,1,N,C,N,B,H,C,A,01,W,03,C,,,,,C,Y,N,A,1,0,0,0,22350.0,2,38.59056846,-121.53673206,4
2016,2016-10-19,1606,10,3,16,3,N,A,N,A,H,A,A,01,W,03,C,,,,,C,N,N,D,3,0,0,0,22350.0,3,38.56080951,-121.74658872,4
2016,2016-11-02,1450,11,3,14,3,N,A,N,A,H,A,A,01,S,09,H,,Y,,,G,N,N,D,1,0,1,0,21804.0,2,38.67643623,-121.74693982,4
2016,2016-11-19,1733,11,3,17,6,Y,C,N,B,H,C,A,01,,09,D,,,,,C,N,N,D,1,0,0,0,21801.0,2,38.5915999,-121.53712987,4
2016,2016-11-19,1836,11,3,18,6,N,C,N,B,H,D,N,60,N,11,G,Y,,,,B,N,N,D,1,1,0,0,21954.0,2,38.58031222,-121.54510506,2
2016,2016-11-19,1735,11,3,17,6,N,B,N,B,H,C,A,01,N,04,C,,,,,C,N,N,A,1,0,0,0,21703.0,2,38.57197492,-121.54864128,4