ACCIDENT_YEAR,COLLISION_DATE,COLLISION_TIME,MONTH,SEASON,24HOURS,DAY_OF_WEEK,INTERSECTION,WEATHER_1,STATE_HWY_IND,ROAD_SURFACE,ROAD_COND_1,LIGHTING,STWD_VEHTYPE_AT_FAULT,CHP_VEHTYPE_AT_FAULT,DIRECTION,PCF_VIOL_CATEGORY,TYPE_OF_COLLISION,PEDESTRIAN_ACCIDENT,BICYCLE_ACCIDENT,MOTORCYCLE_ACCIDENT,TRUCK_ACCIDENT,MVIW,TOW_AWAY,HIT_AND_RUN,CONTROL_DEVICE,NUMBER_INJURED,COUNT_PED_INJURED,COUNT_BICYCLIST_INJURED,COUNT_MC_INJURED,PCF_VIOLATION,PARTY_COUNT,POINT_Y,POINT_X,COLLISION_SEVERITY
2017,2017-03-12,1642,3,1,16,7,Y,B,N,A,H,A,L,04,,03,E,,Y,,,I,N,N,A,1,0,1,0,22350.0,1,38.5475599,-121.7044299,3
2017,2017-03-07,1855,3,1,18,2,Y,A,Y,A,H,C,A,01,,10,G,Y,,,,B,N,N,A,1,1,0,0,21950.0,2,38.55819415,-121.76771035,3
2017,2017-03-21,1842,3,1,18,2,N,A,N,A,H,B,N,60,E,11,G,Y,,,,B,N,N,D,1,1,0,0,21954.0,2,,,4
2017,2017-03-24,1939,3,1,19,5,N,B,N,A,H,D,A,01,E,08,D,,,,,C,Y,F,D,1,0,0,0,22107.0,2,38.5838441,-121.5131283,4
2017,2017-03-11,2153,3,1,21,6,Y,A,N,A,H,C,L,04,,14,D,,Y,,,G,N,M,D,1,0,1,0,21201.0,2,38.58333996,-121.53821998,4
2017,2017-03-23,1437,3,1,14,4,N,A,N,A,H,A,A,01,,06,B,,,,,C,N,N,D,2,0,0,0,21750.0,3,38.58623998,-121.54310994,3
2017,2017-03-20,955,3,1,9,1,Y,A,N,A,H,A,A,07,,09,D,,,,,C,Y,N,A,3,0,0,0,21802.0,2,38.58487988,-121.51354994,3
2017,2017-03-21,1439,3,1,14,2,N,A,N,A,H,A,A,07,S,08,C,,,,,E,N,N,D,1,0,0,0,22107.0,2,38.691211,-121.77915,4
2017,2017-04-06,1448,4,1,14,4,N,A,N,A,H,A,L,04,S,17,B,,Y,,Y,G,N,N,A,1,0,1,0,21208.0,2,38.58358198,-121.51097241,3
2017,2017-03-28,1723,3,1,17,2,N,A,N,A,H,A,A,01,E,05,A,,,,,E,Y,N,D,2,0,0,0,21650.0,2,,,3
2017,2017-03-23,1733,3,1,17,4,Y,A,N,A,H,A,L,04,,12,B,,Y,,,G,N,F,A,1,0,1,0,21453.0,2,38.57930989,-121.52607994,2
2017,2017-04-07,1130,4,1,11,5,N,C,N,B,H,A,A,01,S,03,E,,,,,I,Y,N,D,1,0,0,0,22350.0,1,38.56377,-121.54099,2
2017,2017-04-06,832,4,1,8,4,N,B,N,B,H,A,A,01,W,03,C,,,,,C,Y,N,D,1,0,0,0,22350.0,2,38.57613864,-121.52523947,4
2017,2017-04-03,1650,4,1,16,1,Y,A,N,A,H,A,N,60,,11,G,Y,,Y,,B,N,N,A,1,1,0,0,21456.0,2,38.58042998,-121.53063999,3
2017,2017-04-05,1615,4,1,16,3,Y,A,N,A,H,A,A,01,,03,D,,Y,,,G,N,M,A,1,0,1,0,22350.0,2,38.5731699,-121.53581996,4
2017,2017-04-06,1721,4,1,17,4,N,C,N,B,H,B,L,04,E,05,G,,Y,,,G,N,N,D,1,0,1,0,21650.0,2,38.59230607,-121.53263014,4
2017,2017-04-04,1811,4,1,18,2,Y,A,N,A,H,A,L,04,,03,H,,Y,,,A,N,N,A,1,0,1,0,22350.0,1,,,3
2017,2017-04-18,909,4,1,9,2,N,A,N,A,H,A,A,01,S,03,C,,,,,C,N,N,A,2,0,0,0,22350.0,2,38.55047881,-121.69443897,4
2017,2017-04-06,1652,4,1,16,4,N,A,N,A,H,A,L,04,W,17,H,,Y,,,G,Y,N,D,1,0,1,0,21208.0,2,38.54648297,-121.72634911,2
2017,2017-03-17,1705,3,1,17,5,Y,A,N,A,H,A,A,01,,10,G,Y,,,,B,N,N,A,1,1,0,0,21950.0,2,38.66832988,-121.76559987,4
2017,2017-03-30,1503,3,1,15,4,N,A,N,A,H,A,A,01,N,21,D,,,,,C,N,N,D,1,0,0,0,22106.0,2,38.66662288,-121.76744,4
2017,2017-03-05,1219,3,1,12,7,N,C,N,B,H,A,L,04,N,09,D,,Y,,,G,N,N,D,1,0,1,0,21804.0,2,38.67448409,-121.7800541,3
2017,2017-04-25,1356,4,1,13,2,N,A,Y,A,H,A,A,01,W,03,C,,,,,C,Y,N,A,2,0,0,0,22350.0,3,38.67223986,-121.75129001,4
2017,2017-04-03,758,4,1,7,1,Y,A,Y,A,H,A,L,04,,12,H,,Y,,,G,N,F,A,1,0,1,0,21453.0,2,38.65925121,-121.75211622,4
2017,2017-03-29,1426,3,1,14,3,Y,A,Y,A,H,A,A,01,,17,H,,Y,,,G,N,N,A,1,0,1,0,21461.0,2,38.56405427,-121.76798043,4
2017,2017-03-28,1308,3,1,13,2,N,A,N,A,H,A,C,02,W,04,C,,,Y,,C,N,N,D,1,0,0,1,21703.0,2,38.67726,-121.7484826,3
2017,2017-04-04,1641,4,1,16,2,N,A,N,A,H,A,A,08,W,03,C,,,,,C,N,N,D,1,0,0,0,22350.0,2,38.68477183,-121.78290509,4
2017,2017-03-27,1838,3,1,18,1,Y,A,N,A,H,A,A,01,,09,H,,Y,,,G,N,N,A,1,0,1,0,21801.0,2,38.55066992,-121.7463599,4
2017,2017-04-04,1115,4,1,11,2,Y,A,N,A,H,A,F,26,,08,D,,,,Y,C,N,N,A,1,0,0,0,22107.0,2,38.67872992,-121.76933989,4
2017,2017-04-07,1136,4,1,11,5,Y,A,Y,A,H,A,A,01,,09,D,,,,,C,Y,N,A,1,0,0,0,21453.0,2,38.6739024,-121.72534681,4
2017,2017-04-04,1333,4,1,13,2,Y,A,N,A,H,A,A,07,,10,G,Y,,,,B,N,N,A,1,1,0,0,21950.0,2,38.67762997,-121.79786988,2
2017,2017-04-03,1741,4,1,17,1,N,A,N,A,H,A,A,07,E,03,C,,,,,C,Y,N,D,1,0,0,0,22350.0,2,38.66827742,-121.75871823,4
2017,2017-04-12,344,4,1,3,3,N,A,N,A,H,C,A,01,E,03,C,,,,,C,N,N,A,1,0,0,0,22350.0,3,38.58317235,-121.54130417,3
2017,2017-04-26,1319,4,1,13,3,Y,A,N,A,H,A,A,01,,09,D,,,,,C,Y,N,A,1,0,0,0,21801.0,2,38.67871,-121.76542992,3
2017,2017-04-20,653,4,1,6,4,Y,A,N,A,H,A,A,01,,01,E,,,,,I,Y,N,D,1,0,0,0,23152.0,1,38.56805998,-121.52518996,3
2017,2017-04-21,910,4,1,9,5,N,A,N,A,H,A,-,,S,05,E,,,,,I,Y,N,A,1,0,0,0,21650.0,1,38.58902019,-121.54595605,3
2017,2017-04-10,704,4,1,7,1,N,A,N,A,H,A,L,04,W,08,C,,Y,,,C,N,N,D,1,0,1,0,22107.0,2,38.55119117,-121.54450881,2
2017,2017-04-20,20,4,1,0,4,N,B,N,B,H,C,N,60,S,11,G,Y,,,,B,N,N,D,1,1,0,0,21954.0,2,38.58369774,-121.54756598,2
2017,2017-04-18,745,4,1,7,2,Y,B,N,B,H,A,G,25,,09,D,,,,Y,C,Y,N,A,3,0,0,0,21453.0,2,38.68447991,-121.72838997,4
2017,2017-04-18,1632,4,1,16,2,N,A,N,A,H,A,A,01,N,03,C,,,,,C,N,N,A,2,0,0,0,22350.0,3,38.67772118,-121.75291746,4
2017,2017-04-18,1623,4,1,16,2,Y,A,N,A,H,A,A,01,,12,D,,,,,C,Y,N,D,2,0,0,0,22450.0,2,38.56981994,-121.54134995,4
2017,2017-02-25,2050,2,4,20,6,Y,A,N,A,H,C,L,04,,12,D,,Y,,,G,N,N,A,1,0,1,0,22450.0,2,38.67609997,-121.78864987,4
2017,2017-04-29,2040,4,1,20,6,Y,A,Y,A,H,C,-,,,03,E,,,,,I,Y,N,A,2,0,0,0,22350.0,1,38.52497646,-121.97085656,2
2017,2017-04-07,1135,4,1,11,5,N,C,N,B,H,A,D,72,E,03,B,,,,,C,Y,N,A,1,0,0,0,22350.0,2,38.54481177,-121.73337973,3
2017,2017-05-02,2000,5,1,20,2,N,A,N,A,H,C,D,22,W,01,D,,,Y,,C,N,N,D,1,0,0,1,23152.0,2,38.66301,-121.78690802,4
2017,2017-04-15,1737,4,1,17,6,Y,A,N,A,H,A,D,22,,12,D,,,,,C,N,N,A,1,0,0,0,21453.0,2,38.69203998,-121.78384985,4
2017,2017-04-22,1253,4,1,12,6,N,A,N,A,H,A,A,07,W,03,C,,,,,C,N,N,A,1,0,0,0,22350.0,2,38.66281547,-121.76445022,4
2017,2017-04-28,1143,4,1,11,5,Y,A,N,A,H,A,C,02,,07,A,,,Y,,C,Y,N,A,2,0,0,1,21658.0,2,38.67746999,-121.77313994,4
2017,2017-04-30,1908,4,1,19,7,N,A,N,A,H,A,A,01,S,04,C,,,,,C,Y,N,A,2,0,0,0,21703.0,2,38.68847176,-121.7978,4
2017,2017-04-23,1300,4,1,13,7,Y,A,N,A,H,A,A,01,,08,D,,,,,C,Y,N,A,1,0,0,0,22107.0,3,38.67765995,-121.80255997,3
2017,2017-04-28,828,4,1,8,5,N,A,N,A,H,A,A,01,W,03,C,,,,,C,Y,N,D,1,0,0,0,22350.0,2,38.68486482,-121.79408102,4
2017,2017-05-08,1734,5,1,17,1,N,A,Y,A,H,A,A,01,E,03,C,,,,,D,N,N,A,1,0,0,0,22350.0,3,38.67166831,-121.75103757,4
2017,2017-03-11,1917,3,1,19,6,Y,A,N,A,H,C,-,,,10,G,Y,,,,B,N,N,D,1,1,0,0,21950.0,2,38.54694996,-121.74323992,3
2017,2017-04-30,1734,4,1,17,7,Y,A,N,A,H,A,F,26,,08,F,,,,Y,E,Y,N,A,2,0,0,0,22107.0,1,38.5694599,-121.54953997,4
2017,2017-05-02,1723,5,1,17,2,Y,A,N,A,H,A,A,01,,12,D,,,,,C,Y,N,A,1,0,0,0,21453.0,2,38.58042998,-121.53063999,4
2017,2017-04-30,2043,4,1,20,7,N,A,N,A,H,C,A,01,E,03,C,,,,,C,N,N,D,1,0,0,0,22350.0,3,38.59169947,-121.54830105,4
2017,2017-04-29,2121,4,1,21,6,Y,A,N,A,H,B,A,01,,09,D,,,,,C,Y,N,A,2,0,0,0,21801.0,2,38.55066992,-121.7463599,4
2017,2017-05-05,758,5,1,7,5,N,A,N,A,H,A,A,01,W,08,D,,,,Y,E,N,N,D,1,0,0,0,22107.0,2,38.69214359,-121.79881125,4
2017,2017-05-04,1944,5,1,19,4,N,A,N,A,H,B,D,22,E,08,B,,,,,C,Y,N,A,3,0,0,0,22100.0,2,38.57692,-121.54871,3
2017,2017-05-06,7,5,1,0,6,N,A,N,A,H,C,A,01,S,09,D,,,,,C,Y,N,D,1,0,0,0,21802.0,2,38.56763967,-121.52541484,3
2017,2017-04-16,1839,4,1,18,7,Y,B,N,B,H,A,A,01,,03,E,,,,,I,Y,N,A,1,0,0,0,22350.0,1,38.56112999,-121.73533995,3
2017,2017-05-04,842,5,1,8,4,N,A,N,A,H,A,D,22,E,03,C,,,,,C,Y,N,A,1,0,0,0,22350.0,2,38.54752032,-121.73983036,4
2017,2017-05-02,1759,5,1,17,2,N,A,N,A,H,A,A,01,E,09,D,,,,,C,Y,N,A,1,0,0,0,21804.0,2,38.56176979,-121.73374911,4
2017,2017-05-03,1550,5,1,15,3,N,A,N,A,H,A,A,01,E,09,D,,,,,C,Y,N,D,1,0,0,0,21804.0,4,38.67767,-121.80159308,3
2017,2017-05-04,815,5,1,8,4,N,A,N,A,H,A,A,01,W,10,G,Y,,,,B,N,N,D,1,1,0,0,21952.0,2,38.58997475,-121.53055524,4
2017,2017-04-28,1809,4,1,18,5,Y,A,N,A,H,A,A,01,,03,E,,,,,I,N,N,D,1,0,0,0,22350.0,1,,,3
2017,2017-04-15,108,4,1,1,6,N,A,N,A,H,C,A,01,W,01,E,,,,,I,Y,N,D,1,0,0,0,23152.0,1,38.5455746,-121.5214238,4
2017,2017-05-15,800,5,1,8,1,N,A,N,A,H,A,A,01,N,08,B,,,,,E,Y,N,D,2,0,0,0,22107.0,3,38.59189841,-121.51823554,3
2017,2017-05-15,1001,5,1,10,1,N,A,N,A,H,A,A,01,E,03,B,,,,,E,Y,N,D,1,0,0,0,22350.0,2,38.67974032,-121.79279922,4
2017,2017-05-16,1354,5,1,13,2,Y,B,N,A,H,A,A,01,,09,D,,,,,C,N,N,A,1,0,0,0,21802.0,2,38.56981994,-121.54134995,4
2017,2017-05-17,1255,5,1,12,3,N,A,N,A,H,A,D,22,W,09,D,,,,Y,C,Y,N,D,1,0,0,0,21804.0,3,38.56982001,-121.54344891,4
2017,2017-05-20,1659,5,1,16,6,N,A,N,A,H,A,D,22,N,01,F,,,,,-,Y,N,D,3,0,0,0,23153.0,1,38.52991719,-121.5342164,3
2017,2017-05-17,2112,5,1,21,3,N,A,N,A,H,C,A,07,W,09,D,,,,,C,Y,F,D,3,0,0,0,21801.0,2,38.59084968,-121.53899084,4
2017,2017-05-22,1205,5,1,12,1,N,A,N,A,H,A,A,01,S,09,A,,,,,C,Y,N,D,1,0,0,0,21804.0,2,38.58005988,-121.5264156,3
2017,2017-05-19,1344,5,1,13,5,N,A,N,A,H,A,A,01,S,04,C,,,,,C,N,N,A,1,0,0,0,21703.0,2,38.58418598,-121.54740009,4
2017,2017-06-14,956,6,2,9,3,Y,A,N,A,H,A,A,07,,17,D,,,,,C,Y,N,A,3,0,0,0,21451.0,2,38.67989992,-121.76540993,4
2017,2017-06-20,1637,6,2,16,2,Y,A,N,A,H,A,A,01,,00,D,,,,,C,Y,N,A,2,0,0,0,21806.0,2,38.66278,-121.75646994,3
2017,2017-05-24,1542,5,1,15,3,Y,A,N,A,H,A,A,01,,08,D,,,,,C,Y,N,D,1,0,0,0,22107.0,3,38.67871,-121.76542992,4
2017,2017-05-25,1738,5,1,17,4,Y,A,N,A,H,A,A,07,,09,D,,,,,C,Y,N,A,1,0,0,0,21802.0,2,38.67566992,-121.77819986,4
2017,2017-05-26,1725,5,1,17,5,Y,A,N,A,H,A,L,04,,05,D,,Y,,,G,N,N,A,1,0,1,0,21650.0,2,38.58611999,-121.54679997,3
2017,2017-05-30,1235,5,1,12,2,Y,A,N,A,H,A,A,01,,12,D,,,,,C,N,N,A,1,0,0,0,21453.0,2,38.55655991,-121.69413997,4
2017,2017-06-02,1630,6,2,16,5,N,A,Y,A,H,A,A,01,E,03,C,,,,,C,N,N,A,1,0,0,0,22350.0,3,38.67166831,-121.75103757,4
2017,2017-07-01,1525,7,2,15,6,N,A,Y,A,H,A,A,01,W,03,C,,,,,C,N,N,A,2,0,0,0,22350.0,3,38.67495485,-121.75099218,4
2017,2017-06-15,1215,6,2,12,4,N,A,N,A,H,A,A,01,S,09,D,,,,,C,Y,N,D,1,0,0,0,21804.0,2,38.57925,-121.54904,4
2017,2017-06-22,2300,6,2,23,4,Y,A,Y,A,H,C,-,,,08,H,,Y,,,G,N,F,A,1,0,1,0,22107.0,2,38.6722451,-121.7510329,4
2017,2017-06-01,1715,6,2,17,4,Y,A,N,A,H,A,A,01,,04,C,,,,,C,N,N,-,1,0,0,0,21703.0,2,38.57930989,-121.52607994,4
2017,2017-05-23,735,5,1,7,2,Y,A,N,A,H,A,A,01,,09,D,,,,,C,N,N,A,1,0,0,0,21802.0,2,38.68112993,-121.78401992,4
2017,2017-05-15,1645,5,1,16,1,N,A,N,A,H,A,A,01,E,03,C,,,,,C,N,N,D,2,0,0,0,22350.0,2,38.67762879,-121.79710971,3
2017,2017-05-25,1703,5,1,17,4,Y,A,Y,A,H,A,A,01,,09,D,,,,,C,N,N,D,2,0,0,0,21801.0,2,38.57738627,-121.52695129,4
2017,2017-06-10,42,6,2,0,6,N,A,N,A,H,C,D,22,W,01,C,,,,,E,Y,N,D,1,0,0,0,23152.0,3,38.6738788,-121.78026619,3
2017,2017-06-08,702,6,2,7,4,N,C,N,B,H,A,D,22,W,05,E,,,,,I,Y,N,D,1,0,0,0,21650.0,1,38.65494915,-121.73703521,3
2017,2017-05-26,2245,5,1,22,5,Y,A,N,A,H,C,N,60,,11,G,Y,,,,B,N,N,D,1,1,0,0,21954.0,2,38.67750996,-121.78245995,3
2017,2017-05-19,1730,5,1,17,5,N,A,N,A,G,A,L,04,E,09,D,,Y,,,C,N,F,D,1,0,1,0,21803.0,2,38.56406152,-121.72805364,3
2017,2017-05-23,1340,5,1,13,2,N,A,N,A,H,A,A,01,N,08,H,,Y,,,G,N,N,D,1,0,1,0,22107.0,2,38.54722394,-121.76182,3
2017,2017-05-15,959,5,1,9,1,Y,A,N,A,H,A,L,04,,09,H,,Y,,,G,N,N,D,1,0,1,0,21801.0,2,38.54628,-121.74660996,4
2017,2017-05-09,913,5,1,9,2,N,A,N,A,H,A,A,01,W,03,D,,,,,E,N,N,D,1,0,0,0,22350.0,2,38.53991154,-121.7281887,4
2017,2017-06-09,709,6,2,7,5,N,A,N,A,H,A,L,04,N,08,H,,Y,,,A,N,N,A,1,0,1,0,22107.0,1,38.55106892,-121.69446492,3
2017,2017-04-18,1300,4,1,13,2,N,A,N,A,H,A,L,04,N,08,H,,Y,,,G,N,N,D,1,0,1,0,22107.0,2,38.54698674,-121.75875745,4
2017,2017-05-22,2111,5,1,21,1,N,A,N,A,H,D,D,22,S,01,D,,,,,C,Y,M,D,1,0,0,0,23152.0,2,38.52284637,-121.55599,4
2017,2017-06-10,39,6,2,0,6,N,A,N,A,H,C,A,01,W,01,C,,,,,E,Y,N,D,2,0,0,0,23152.0,2,38.66290114,-121.77075718,3
2017,2017-06-01,737,6,2,7,4,N,A,N,A,H,A,A,01,W,08,D,,,,,C,Y,N,D,1,0,0,0,22107.0,2,38.58537536,-121.51769598,3
2017,2017-06-07,2059,6,2,20,3,N,A,N,A,H,C,A,01,W,03,C,,,,,C,Y,N,A,2,0,0,0,22350.0,2,38.57968727,-121.54203587,4
2017,2017-06-22,1515,6,2,15,4,Y,A,Y,A,H,A,F,25,,09,B,,,,Y,C,Y,N,A,1,0,0,0,21801.0,2,38.6845409,-121.75077534,4
2017,2017-06-26,500,6,2,5,1,Y,A,N,A,H,A,A,01,,03,C,,,,Y,C,Y,N,A,1,0,0,0,22350.0,2,38.68449992,-121.74678994,4
2017,2017-06-27,1436,6,2,14,2,N,A,N,A,H,A,A,01,N,03,C,,,,,C,N,N,A,1,0,0,0,22350.0,2,38.67219077,-121.7655389,4
2017,2017-06-24,1845,6,2,18,6,N,A,N,A,H,A,A,01,S,03,C,,,,,C,Y,N,A,2,0,0,0,22350.0,2,38.67731917,-121.76542216,4
2017,2017-06-19,1312,6,2,13,1,N,A,N,A,H,A,A,01,N,08,D,,,,,C,N,N,D,1,0,0,0,22103.0,2,38.68486,-121.79317,4
2017,2017-06-11,1929,6,2,19,7,N,B,N,B,H,A,D,23,S,03,E,,,,,I,N,N,D,1,0,0,0,22350.0,1,38.50406567,-121.56001042,4
2017,2017-06-20,1222,6,2,12,2,Y,A,N,A,H,A,A,01,,03,C,,,,,C,N,N,A,1,0,0,0,22350.0,2,38.57131,-121.52343989,4
2017,2017-06-19,1828,6,2,18,1,N,A,N,A,H,A,A,01,E,09,D,,,,,C,N,N,D,1,0,0,0,21804.0,2,38.5631,-121.53132618,4
2017,2017-06-12,1903,6,2,19,1,N,A,N,A,H,A,L,04,N,05,D,,Y,,,G,N,N,A,1,0,1,0,21650.0,2,38.59024634,-121.53341728,4
2017,2017-06-05,1731,6,2,17,1,N,A,N,A,H,A,-,- ,S,00,H,,Y,,,A,N,N,D,1,0,1,0,,1,38.55739622,-121.74353665,3
2017,2017-06-11,1719,6,2,17,7,N,C,N,-,H,A,A,01,W,03,C,,,,,C,N,N,D,1,0,0,0,22350.0,2,38.56119016,-121.78789719,3
2017,2017-06-23,2329,6,2,23,5,Y,A,N,A,H,C,-,- ,,00,D,,,,,C,Y,N,A,1,0,0,0,,2,38.66278,-121.75646994,4
2017,2017-07-01,2001,7,2,20,6,Y,A,N,A,H,A,A,01,,12,D,,,,,C,Y,N,A,2,0,0,0,21453.0,2,38.69173994,-121.74673989,3
2017,2017-07-05,1453,7,2,14,3,Y,B,N,A,H,A,D,22,,21,C,,,,,C,N,N,A,1,0,0,0,22106.0,2,38.58071998,-121.52664989,4
2017,2017-06-29,2151,6,2,21,4,N,A,N,A,H,C,A,01,S,17,G,,Y,,,G,N,N,D,1,0,1,0,21209.0,2,38.57568217,-121.52468562,3
2017,2017-05-30,2226,5,1,22,2,Y,B,N,A,H,C,D,22,,01,G,Y,,,,B,Y,N,A,2,0,0,0,23152.0,4,38.57852994,-121.56101991,1
2017,2017-07-29,1233,7,2,12,6,N,A,N,A,H,A,A,07,E,21,C,,,,,C,N,N,A,1,0,0,0,22106.0,2,38.67722,-121.72839489,4
2017,2017-07-06,1304,7,2,13,4,Y,A,N,A,H,A,A,01,,12,D,,,,,C,Y,N,A,1,0,0,0,21453.0,2,38.66278,-121.75646994,3
2017,2017-07-04,2034,7,2,20,2,Y,A,N,A,H,A,A,01,,09,D,,,,,C,Y,N,A,2,0,0,0,21801.0,2,38.58600997,-121.5119099,4
2017,2017-07-04,1130,7,2,11,2,Y,A,N,A,H,A,A,01,,09,D,,,,,C,Y,N,A,2,0,0,0,21802.0,2,38.53691996,-121.54891992,3
2017,2017-07-12,1125,7,2,11,3,Y,A,N,A,H,A,A,01,,12,D,,,,,C,Y,N,A,2,0,0,0,22450.0,2,38.67587994,-121.79788991,4
2017,2017-07-10,2258,7,2,22,1,N,A,N,A,H,C,A,01,W,05,B,,,,,E,N,N,D,1,0,0,0,21650.0,3,38.59307013,-121.51492435,4
2017,2017-07-09,2145,7,2,21,7,Y,A,Y,A,H,C,D,22,,12,D,,,,,C,Y,N,A,1,0,0,0,21453.0,2,38.66618348,-121.75137611,4
2017,2017-08-22,1048,8,2,10,2,Y,A,N,A,H,A,F,27,,08,B,,,,Y,C,N,N,A,1,0,0,0,22100.0,2,38.67721996,-121.72849995,3
2017,2017-08-19,1415,8,2,14,6,N,A,N,A,H,A,E,22,W,03,C,,,,,C,N,N,A,2,0,0,0,22350.0,2,38.67716517,-121.73793107,4
2017,2017-08-23,1411,8,2,14,3,N,A,N,A,H,A,L,04,W,03,H,,Y,,,G,N,N,A,1,0,1,0,22350.0,2,38.6773356,-121.75707843,3
2017,2017-07-06,1741,7,2,17,4,Y,A,N,A,H,A,L,04,,03,H,,Y,,,G,N,N,A,1,0,1,0,22350.0,2,38.67739998,-121.76714991,4
2017,2017-06-15,927,6,2,9,4,N,A,N,A,H,A,A,01,N,08,C,,,,,E,Y,M,D,1,0,0,0,22107.0,2,38.57411746,-121.74877944,3
2017,2017-06-01,1830,6,2,18,4,Y,A,N,A,H,A,A,01,,10,G,Y,,,,B,N,N,A,1,1,0,0,21950.0,2,38.56810993,-121.75835998,4
2017,2017-06-19,858,6,2,8,1,Y,A,N,A,H,A,-,- ,,00,D,,Y,,,G,N,N,A,1,0,1,0,,2,38.56083994,-121.75041997,3
2017,2017-06-04,759,6,2,7,7,N,A,N,A,H,A,A,01,N,17,H,,Y,,,G,N,N,D,1,0,1,0,22517.0,2,38.54495435,-121.74039148,4
2017,2017-06-06,1750,6,2,17,2,Y,A,N,A,H,A,F,26,,08,H,,Y,,Y,G,N,N,D,1,0,1,0,22107.0,2,38.54674991,-121.74433988,3
2017,2017-06-22,1521,6,2,15,4,Y,A,N,A,H,A,A,01,,09,D,,,,,C,Y,N,A,1,0,0,0,21800.0,2,38.55178991,-121.73874992,3
2017,2017-07-10,1623,7,2,16,1,Y,A,N,A,H,A,A,01,,09,D,,,,,C,Y,N,A,2,0,0,0,21802.0,2,38.54712993,-121.74219988,3
2017,2017-06-22,1800,6,2,18,4,N,A,N,A,H,A,A,01,E,03,E,,,,,I,N,N,D,1,0,0,0,22350.0,1,38.54333465,-121.73492815,3
2017,2017-07-01,1845,7,2,18,6,N,A,N,A,H,A,A,01,W,09,D,,,,,C,Y,N,D,1,0,0,0,21801.0,2,38.54783957,-121.71377784,3
2017,2017-07-01,1433,7,2,14,6,Y,A,N,A,H,A,A,07,,12,D,,,,,C,N,N,A,1,0,0,0,21453.0,2,38.57624,-121.52483999,3
2017,2017-07-10,1438,7,2,14,1,Y,A,N,A,H,A,A,07,,09,D,,,,,C,Y,N,A,1,0,0,0,21801.0,2,38.5908099,-121.53867989,4
2017,2017-07-04,2215,7,2,22,2,N,A,N,A,G,C,N,60,N,11,G,Y,,,,B,N,N,D,1,1,0,0,21954.0,3,38.5786928,-121.51586626,4
2017,2017-07-17,1234,7,2,12,1,Y,A,N,A,H,A,A,01,,12,D,,,,,C,Y,N,A,1,0,0,0,21453.0,2,38.57624,-121.52483999,4
2017,2017-07-17,1140,7,2,11,1,Y,A,N,A,H,A,A,01,,09,D,,,,,C,N,N,A,1,0,0,0,21802.0,2,38.5915999,-121.53712987,4
2017,2017-07-14,847,7,2,8,5,Y,A,N,A,H,A,A,01,,12,D,,,,,C,Y,N,A,5,0,0,0,21453.0,2,38.57624,-121.52483999,2
2017,2017-07-16,1402,7,2,14,7,Y,A,N,A,H,A,A,07,,09,D,,,,,C,Y,N,A,2,0,0,0,21802.0,2,38.67993989,-121.77465995,4
2017,2017-07-19,1427,7,2,14,3,N,A,N,A,H,A,A,01,S,03,C,,,,,C,N,N,A,1,0,0,0,22350.0,2,38.66954276,-121.73138615,4
2017,2017-07-21,1427,7,2,14,5,Y,A,N,A,H,A,-,- ,,09,D,,,,,C,Y,N,D,1,0,0,0,21804.0,2,38.67584998,-121.79329993,4
2017,2017-07-18,1745,7,2,17,2,N,A,N,A,H,A,A,07,E,09,D,,Y,,,G,Y,N,D,1,0,1,0,21804.0,2,38.58840664,-121.50961376,4
2017,2017-07-15,1203,7,2,12,6,N,A,N,A,H,A,A,01,E,12,D,,,,,C,N,N,A,1,0,0,0,21453.0,2,38.57622918,-121.52476428,4
2017,2017-07-23,255,7,2,2,7,N,A,N,A,H,C,A,07,S,05,C,,,,,E,Y,N,D,2,0,0,0,21650.0,3,38.66915611,-121.73458953,3
2017,2017-07-21,2114,7,2,21,5,N,A,N,A,H,C,-,- ,W,00,C,,,,,C,Y,N,A,2,0,0,0,,4,38.54724392,-121.74149115,3
2017,2017-05-02,746,5,1,7,2,Y,A,N,A,H,A,A,08,,09,D,,Y,,,G,N,N,D,1,0,1,0,21801.0,2,38.55734996,-121.73421987,3
2017,2017-08-04,1815,8,2,18,5,N,A,N,A,H,A,D,22,S,08,D,,,Y,,C,Y,F,D,1,0,0,1,22107.0,2,38.67865507,-121.76543083,2
2017,2017-07-28,1513,7,2,15,5,N,A,N,A,H,A,A,01,S,21,C,,,,,C,N,N,A,1,0,0,0,22106.0,2,38.67745134,-121.78404,4
2017,2017-07-21,1818,7,2,18,5,N,A,N,A,H,A,A,01,S,03,C,,,,,C,Y,N,A,1,0,0,0,22350.0,3,38.67877771,-121.78403486,4
2017,2017-07-27,1644,7,2,16,4,N,A,N,A,H,A,A,01,S,03,C,,,,,C,N,N,D,1,0,0,0,22350.0,2,38.68773107,-121.78392868,4
2017,2017-08-09,1517,8,2,15,3,N,A,N,A,H,A,A,01,S,08,C,,,,,E,N,N,D,1,0,0,0,22107.0,3,38.66926595,-121.75624559,2
2017,2017-08-06,1535,8,2,15,7,N,A,N,A,H,A,N,60,E,11,G,Y,,,,B,N,N,D,1,1,0,0,21950.0,2,38.67992722,-121.77399098,2
2017,2017-08-04,1633,8,2,16,5,N,A,N,A,H,B,A,01,N,03,C,,,,,C,N,N,A,1,0,0,0,22350.0,2,38.55639,-121.54061,4
2017,2017-08-21,1302,8,2,13,1,N,A,N,A,H,A,A,01,W,03,C,,,,,C,N,N,A,2,0,0,0,22350.0,4,38.67729729,-121.75355408,4
2017,2017-08-29,2013,8,2,20,2,N,A,N,A,H,C,N,60,E,11,G,Y,,,,B,N,N,D,1,1,0,0,21950.0,2,38.57912342,-121.55087429,2
2017,2017-08-26,456,8,2,4,6,N,A,N,A,H,C,A,01,E,09,D,,,Y,,C,N,N,D,1,0,0,1,21801.0,2,38.66281461,-121.76439491,3