ACCIDENT_YEAR,COLLISION_DATE,COLLISION_TIME,MONTH,SEASON,24HOURS,DAY_OF_WEEK,INTERSECTION,WEATHER_1,STATE_HWY_IND,ROAD_SURFACE,ROAD_COND_1,LIGHTING,STWD_VEHTYPE_AT_FAULT,CHP_VEHTYPE_AT_FAULT,DIRECTION,PCF_VIOL_CATEGORY,TYPE_OF_COLLISION,PEDESTRIAN_ACCIDENT,BICYCLE_ACCIDENT,MOTORCYCLE_ACCIDENT,TRUCK_ACCIDENT,MVIW,TOW_AWAY,HIT_AND_RUN,CONTROL_DEVICE,NUMBER_INJURED,COUNT_PED_INJURED,COUNT_BICYCLIST_INJURED,COUNT_MC_INJURED,PCF_VIOLATION,PARTY_COUNT,POINT_Y,POINT_X,COLLISION_SEVERITY
2018,2018-11-10,1832,11,3,18,6,Y,A,N,A,H,C,A,01,,09,D,,,,,C,Y,N,A,1,0,0,0,21801.0,2,38.550559997558594,-121.77910614013672,3
2018,2018-10-31,1935,10,3,19,3,N,A,N,A,H,C,N,60,S,11,G,Y,,,,B,N,N,D,1,1,0,0,21954.0,2,38.56608581542969,-121.72209930419922,3
2018,2018-11-12,1318,11,3,13,1,N,A,N,A,H,A,A,01,W,08,D,,,,,C,Y,N,D,2,0,0,0,22107.0,2,38.5621337890625,-121.76002502441406,3
2018,2018-11-13,1453,11,3,14,2,Y,A,N,A,H,A,A,01,,09,D,,,,,C,Y,N,D,3,0,0,0,21804.0,2,38.54790878295898,-121.77056121826172,4
2018,2018-11-14,1357,11,3,13,3,Y,A,N,A,H,A,A,01,,09,A,,,,,C,Y,N,A,2,0,0,0,21801.0,2,38.68838882446289,-121.7839126586914,4
2018,2018-11-09,2102,11,3,21,5,Y,A,Y,A,H,C,-,- ,,08,H,,Y,,,G,N,N,A,1,0,1,0,22107.0,2,38.671669006347656,-121.75103759765624,3
2018,2018-11-22,1026,11,3,10,4,Y,B,N,A,H,A,A,01,,09,D,,,,,C,Y,N,A,1,0,0,0,21802.0,2,38.57915878295898,-121.53695678710938,4
2018,2018-11-19,1135,11,3,11,1,Y,B,N,A,H,A,A,01,,09,D,Y,,,,C,Y,N,A,3,1,0,0,21802.0,4,38.58488082885742,-121.5135498046875,2
2018,2018-11-20,1727,11,3,17,2,Y,A,N,A,H,C,A,01,,09,D,,Y,,,G,N,N,A,1,0,1,0,21802.0,2,38.58488082885742,-121.5135498046875,4
2018,2018-11-06,1717,11,3,17,2,Y,A,N,A,H,A,L,04,,09,D,,Y,,,G,N,N,D,1,0,1,0,21804.0,2,,,4
2018,2018-11-23,1226,11,3,12,5,N,C,N,B,H,A,D,22,N,08,A,,,,,C,Y,N,A,1,0,0,0,22107.0,2,38.66905212402344,-121.72861480712892,4
2018,2018-11-07,1323,11,3,13,3,Y,A,N,A,H,A,D,22,,09,D,,,,,C,Y,N,D,2,0,0,0,21801.0,2,38.66053009033203,-121.76748657226562,4
2018,2018-11-15,1430,11,3,14,4,Y,A,N,A,H,A,A,01,,09,A,,,,,C,N,N,A,1,0,0,0,21801.0,2,38.68838882446289,-121.7839126586914,4
2018,2018-11-26,841,11,3,8,1,Y,A,N,A,H,A,A,01,,09,H,,Y,,,G,N,N,A,1,0,1,0,21801.0,2,38.55072021484375,-121.75135040283205,3
2018,2018-11-25,1151,11,3,11,7,Y,A,N,A,H,A,A,01,,09,D,,,,,C,Y,N,D,1,0,0,0,21801.0,2,38.55078125,-121.75652313232422,3
2018,2018-12-08,1147,12,4,11,6,N,A,N,A,H,A,A,07,N,03,C,,,,,C,Y,N,D,1,0,0,0,22350.0,3,38.67654037475586,-121.76544189453124,4
2018,2018-11-24,1414,11,3,14,6,N,A,Y,A,H,A,A,01,W,09,C,,,,,C,N,N,D,1,0,0,0,21801.0,3,38.671669006347656,-121.75103759765624,4
2018,2018-11-27,1302,11,3,13,2,Y,C,N,B,H,A,A,01,,03,C,,,,,C,Y,N,D,1,0,0,0,22350.0,3,38.572708129882805,-121.55454254150392,3
2018,2018-12-03,1401,12,4,14,1,N,A,N,A,H,A,A,01,W,08,C,,Y,,,G,N,N,D,1,0,1,0,22107.0,2,38.5897216796875,-121.5284423828125,3
2018,2018-11-24,400,11,3,4,6,Y,B,N,B,H,C,A,01,,09,D,,,,,C,Y,N,D,1,0,0,0,21802.0,2,38.57342147827149,-121.56555938720705,3
2018,2018-11-10,1613,11,3,16,6,N,B,N,A,H,A,A,01,S,09,D,,,,,C,N,F,A,2,0,0,0,21800.0,2,38.59014129638672,-121.55033111572266,4
2018,2018-11-14,1615,11,3,16,3,Y,A,N,A,H,A,A,07,,08,D,,,,,C,N,N,A,2,0,0,0,22107.0,2,38.58023071289063,-121.5339813232422,3
2018,2018-11-24,2031,11,3,20,6,N,A,N,A,H,C,A,01,S,08,D,,,,,I,N,N,D,1,0,0,0,22107.0,1,38.50264358520508,-121.56008911132812,4
2018,2018-11-26,1519,11,3,15,1,N,A,N,A,H,A,A,01,W,03,H,,Y,,,G,N,N,A,1,0,1,0,22350.0,2,38.555423736572266,-121.77539825439452,3
2018,2018-11-26,1719,11,3,17,1,N,A,N,A,H,C,A,01,E,03,C,,,,,C,Y,N,D,2,0,0,0,22350.0,2,38.66266250610352,-121.74674987792967,4
2018,2018-12-24,1437,12,4,14,1,Y,B,Y,B,H,A,D,22,,12,D,,,,,C,Y,N,A,1,0,0,0,21453.0,2,38.574974060058594,-121.5461196899414,4
2018,2018-12-13,1557,12,4,15,4,Y,A,N,A,H,A,A,01,,01,C,,,,,C,Y,N,D,4,0,0,0,23152.0,2,38.5942497253418,-121.52617645263672,4
2018,2018-12-13,1800,12,4,18,4,Y,A,N,A,H,D,A,07,,09,A,,,,,C,Y,N,A,1,0,0,0,21801.0,2,38.53506088256836,-121.5568389892578,4
2018,2018-12-14,1712,12,4,17,5,Y,A,Y,A,H,C,M,47,,12,D,,,,,C,N,N,A,1,0,0,0,21453.0,3,38.574974060058594,-121.5461196899414,4
2018,2018-12-03,2135,12,4,21,1,Y,A,N,A,H,C,A,01,,03,C,,,,,C,N,N,A,2,0,0,0,22350.0,2,38.57691955566406,-121.54871368408205,4
2018,2018-12-09,2101,12,4,21,7,N,A,N,A,H,D,A,01,E,08,C,,Y,,,G,N,F,D,1,0,1,0,22107.0,2,38.57760620117188,-121.53665924072266,3
2018,2018-12-10,1413,12,4,14,1,Y,A,N,A,H,A,A,01,,12,D,,,,,C,Y,N,A,2,0,0,0,21453.0,2,38.58612060546875,-121.54679870605467,4
2018,2018-12-13,829,12,4,8,4,N,A,N,A,H,A,A,01,N,17,C,,,,,C,N,N,A,1,0,0,0,22109.0,2,38.559036254882805,-121.53939819335938,4
2018,2018-12-13,747,12,4,7,4,N,A,N,A,H,B,F,26,N,10,G,Y,,,Y,B,N,N,D,2,2,0,0,21950.0,3,38.66276550292969,-121.74714660644533,4
2018,2018-12-07,744,12,4,7,5,N,A,N,A,H,A,A,01,W,03,E,,,,,I,Y,N,D,1,0,0,0,22350.0,1,38.560840606689446,-121.75088500976562,3
2018,2018-12-01,101,12,4,1,6,N,C,N,B,H,C,A,08,W,08,E,,,,,I,Y,N,D,1,0,0,0,22107.0,1,,,3
2018,2018-12-30,1600,12,4,16,7,N,A,N,A,H,A,A,01,S,09,D,,,,,C,N,N,A,3,0,0,0,21801.0,2,38.59012985229492,-121.55037689208984,4
2018,2018-12-26,1804,12,4,18,3,Y,A,N,A,H,C,A,01,,01,D,,,,,C,Y,N,D,1,0,0,0,23153.0,2,38.58488082885742,-121.5135498046875,4
2018,2018-12-17,1746,12,4,17,1,Y,A,N,A,H,C,L,04,,06,H,,Y,,,G,N,N,A,1,0,1,0,21755.0,2,38.6774787902832,-121.77471160888672,4
2018,2018-12-13,804,12,4,8,4,N,A,N,A,H,A,A,01,N,03,C,,,,,C,N,N,A,1,0,0,0,22350.0,2,38.668399810791016,-121.76559448242188,4
2018,2018-12-14,1729,12,4,17,5,N,A,N,A,H,C,A,07,N,03,C,,,,,C,N,N,A,1,0,0,0,22350.0,2,38.58301162719727,-121.52625274658205,4
2018,2018-12-18,2310,12,4,23,2,Y,A,N,A,H,C,A,01,,05,E,,,,,I,Y,N,D,1,0,0,0,21651.0,1,38.52490997314453,-121.57578277587892,4
2018,2018-12-20,2002,12,4,20,4,N,A,N,B,H,C,A,01,W,09,D,,,Y,,C,N,N,D,1,0,0,1,21801.0,2,38.5713005065918,-121.57200622558594,4
2018,2018-12-23,8,12,4,0,7,Y,A,N,A,H,C,A,01,,01,E,,,,,I,Y,N,A,1,0,0,0,23152.0,1,38.55271911621094,-121.537353515625,3
2018,2018-12-22,2053,12,4,20,6,Y,A,N,A,H,B,A,01,,17,D,,Y,,,G,N,N,A,1,0,1,0,21451.0,2,38.58135986328125,-121.51155090332033,4
2018,2018-12-26,1237,12,4,12,3,N,A,N,A,H,A,A,01,E,08,A,,,,,C,Y,N,D,3,0,0,0,22107.0,3,,,3
2018,2018-12-18,1318,12,4,13,2,N,A,N,A,H,C,A,07,W,01,E,,,,,I,Y,N,D,1,0,0,0,23152.0,1,38.54743576049805,-121.7170181274414,3
2019,2019-01-02,1328,1,4,13,3,Y,A,N,A,H,A,A,01,,09,D,,,,,C,Y,N,A,1,0,0,0,21802.0,2,38.58488082885742,-121.5135498046875,4
2019,2019-01-08,2346,1,4,23,2,N,C,N,B,H,C,A,01,N,05,E,,,,,I,Y,N,D,1,0,0,0,21650.0,1,38.55674743652344,-121.53289031982422,4
2019,2019-01-08,753,1,4,7,2,N,B,N,A,H,A,A,01,N,03,C,,,,,C,N,N,D,1,0,0,0,22350.0,2,38.54053497314453,-121.54866027832033,4
2018,2018-12-19,1836,12,4,18,3,Y,A,N,A,H,B,A,01,,08,B,,Y,,,G,N,N,D,1,0,1,0,22107.0,2,38.59249877929688,-121.52622985839844,3
2018,2018-12-03,1857,12,4,18,1,Y,A,N,A,H,C,D,22,,09,D,,,,,C,Y,N,D,1,0,0,0,21802.0,2,38.5471305847168,-121.74220275878906,3
2018,2018-12-16,1352,12,4,13,7,Y,C,N,B,H,A,A,01,,09,D,,,,,C,N,N,A,1,0,0,0,21802.0,2,38.54808044433594,-121.73663330078124,3
2018,2018-12-05,1658,12,4,16,3,Y,A,N,A,H,A,A,01,,17,H,,Y,,,G,N,N,A,1,0,1,0,21451.0,2,38.5464096069336,-121.75875854492188,3
2018,2018-12-03,1420,12,4,14,1,N,A,N,A,H,A,A,01,E,21,H,Y,,,,B,N,N,D,1,1,0,0,22106.0,2,38.54513168334961,-121.73802185058594,3
2018,2018-12-15,927,12,4,9,6,N,B,N,B,H,A,A,01,N,03,C,,,,,C,Y,N,A,1,0,0,0,22350.0,3,38.540523529052734,-121.76085662841795,4
2019,2019-01-07,1909,1,4,19,1,Y,C,N,B,H,C,A,01,,09,C,,,,,C,N,N,A,1,0,0,0,21802.0,2,38.58488082885742,-121.5135498046875,3
2018,2018-12-22,2252,12,4,22,6,N,A,N,A,H,C,D,22,E,05,A,,,,,C,N,F,D,3,0,0,0,21650.0,3,38.58785629272461,-121.50902557373048,3
2019,2019-01-12,1522,1,4,15,6,Y,A,N,A,H,A,A,01,,09,D,,,,,C,Y,N,A,2,0,0,0,21802.0,2,38.524608612060554,-121.57096099853516,4
2019,2019-01-09,800,1,4,8,3,N,B,N,B,H,A,D,22,E,03,E,,,,,I,Y,N,D,1,0,0,0,22350.0,1,38.577251434326165,-121.53701782226562,3
2019,2019-01-07,1819,1,4,18,1,N,B,N,B,H,C,A,01,E,03,C,,,,,C,N,N,A,1,0,0,0,22350.0,2,38.677440643310554,-121.76541900634766,4
2019,2019-01-01,1116,1,4,11,2,Y,A,N,A,H,A,A,01,,09,D,,,,,C,N,N,A,1,0,0,0,21802.0,2,38.69879913330078,-121.76522827148438,4
2019,2019-01-14,1750,1,4,17,1,Y,C,N,B,H,C,A,07,,09,D,,,,,C,Y,N,A,2,0,0,0,21802.0,2,38.56806182861328,-121.5251922607422,4
2019,2019-01-05,243,1,4,2,6,N,A,N,A,H,C,D,22,E,01,E,,,,,I,Y,N,A,1,0,0,0,23152.0,1,38.66282272338867,-121.76478576660156,3
2019,2019-01-09,838,1,4,8,3,N,A,N,A,H,A,A,07,S,08,C,,,,,E,Y,N,D,1,0,0,0,22107.0,3,38.65361022949219,-121.7360382080078,4
2018,2018-10-11,1738,10,3,17,4,Y,A,N,A,H,A,A,01,,09,D,,Y,,,G,N,F,A,1,0,1,0,21453.0,2,38.58845138549805,-121.5100326538086,4
2019,2019-01-30,839,1,4,8,3,N,B,N,A,H,A,D,22,N,08,C,,,,,E,Y,N,A,1,0,0,0,22107.0,2,38.586101531982415,-121.510498046875,3
2019,2019-01-17,1700,1,4,17,4,N,A,N,A,H,D,G,25,,08,B,,,,Y,C,Y,N,D,1,0,0,0,22100.0,2,38.56422805786133,-121.57852935791016,4
2019,2019-01-30,822,1,4,8,3,Y,A,N,A,H,A,A,01,,09,D,,,,,C,Y,N,A,2,0,0,0,21802.0,2,38.586181640625,-121.51329040527344,3
2019,2019-01-28,823,1,4,8,1,N,A,Y,A,H,A,-,,N,03,C,,,,,C,N,N,D,1,0,0,0,22350.0,2,38.57738494873047,-121.52695465087892,4
2019,2019-01-23,640,1,4,6,3,N,A,N,A,H,B,A,01,W,09,B,,,,Y,C,N,N,D,1,0,0,0,21804.0,3,38.691719055175774,-121.737548828125,4
2019,2019-01-19,1350,1,4,13,6,N,A,Y,A,H,A,A,01,E,03,C,,,,,C,N,N,D,2,0,0,0,22350.0,2,38.65925216674805,-121.75211334228516,4
2019,2019-01-25,843,1,4,8,5,N,E,N,A,H,A,L,04,N,05,D,,Y,,,G,N,N,A,1,0,1,0,21650.0,2,38.53944396972656,-121.54969024658205,3
2019,2019-01-25,1939,1,4,19,5,Y,A,N,A,H,C,A,01,,09,D,,,,,C,Y,F,A,1,0,0,0,21453.0,2,38.555450439453125,-121.5634307861328,4
2019,2019-01-14,1735,1,4,17,1,N,C,N,B,D,D,A,07,E,07,E,,,,,I,Y,N,A,1,0,0,0,21658.0,1,38.69192886352539,-121.77452850341795,4
2019,2019-01-16,2058,1,4,20,3,Y,C,N,B,H,C,L,04,,05,D,,Y,,,G,N,N,A,1,0,1,0,21650.0,2,38.539108276367195,-121.76087951660156,4
2019,2019-01-25,1659,1,4,16,5,N,A,Y,A,H,B,-,,W,17,C,,,,,C,Y,N,A,1,0,0,0,22109.0,2,38.520301818847656,-121.98377990722656,4
2019,2019-02-14,948,2,4,9,4,Y,B,N,A,H,A,A,01,,09,D,,,,,C,N,N,A,1,0,0,0,21802.0,3,38.58023071289063,-121.51982879638672,4
2019,2019-01-31,2213,1,4,22,4,Y,A,N,A,H,C,A,01,,12,D,,,,,C,Y,N,A,1,0,0,0,21453.0,2,38.65557098388672,-121.76580047607422,4
2019,2019-02-05,753,2,4,7,2,N,A,N,A,H,A,A,01,S,03,D,,Y,,,G,N,N,D,1,0,1,0,22350.0,2,38.54621887207031,-121.7640380859375,4
2019,2019-01-22,1730,1,4,17,2,Y,A,N,A,H,B,A,01,,09,B,,Y,,,G,N,N,A,1,0,1,0,21802.0,2,38.539588928222656,-121.79046630859376,4
2018,2018-12-31,1142,12,4,11,1,N,A,N,A,H,A,L,04,W,05,D,,Y,,,G,N,N,A,1,0,1,0,21650.0,2,38.589054107666016,-121.52294921875,3
2019,2019-02-02,1845,2,4,18,6,N,C,N,B,H,C,A,01,N,08,C,,,,,C,N,N,A,1,0,0,0,22107.0,2,38.53961563110352,-121.54952239990234,4
2019,2019-02-04,1450,2,4,14,1,N,B,N,A,H,A,A,01,E,01,C,,,,,C,Y,M,D,1,0,0,0,23152.0,2,38.57894134521485,-121.55425262451172,3
2019,2019-02-06,1232,2,4,12,3,Y,A,N,A,H,A,A,01,,03,F,,,,,I,Y,N,A,1,0,0,0,22350.0,1,38.59249877929688,-121.52622985839844,4
2019,2019-02-13,1239,2,4,12,3,N,C,N,B,H,A,A,01,S,03,C,,,,,C,N,F,A,1,0,0,0,22350.0,2,38.54842376708984,-121.73447418212892,3
2019,2019-02-06,1819,2,4,18,3,Y,A,N,A,H,C,A,07,,12,D,,,,,C,Y,N,A,1,0,0,0,21453.0,2,38.66870880126953,-121.72863006591795,4
2019,2019-02-18,1842,2,4,18,1,N,A,N,A,H,C,N,60,E,11,G,Y,,,,B,N,N,D,1,1,0,0,21954.0,2,38.576972961425774,-121.54685974121094,2
2019,2019-02-02,1355,2,4,13,6,N,B,N,B,H,A,A,01,E,05,D,,,,,C,Y,F,D,2,0,0,0,21650.0,3,38.58781051635742,-121.51497650146484,4
2019,2019-02-13,732,2,4,7,3,Y,C,N,B,H,A,A,01,,12,D,,,,,C,Y,N,A,1,0,0,0,22450.0,2,38.55107879638672,-121.56292724609376,4
2019,2019-02-11,1219,2,4,12,1,Y,B,N,A,H,A,A,08,,05,E,,,,,I,N,N,D,1,0,0,0,21650.0,1,38.50933837890625,-121.55695343017578,4
2019,2019-02-01,1637,2,4,16,5,N,B,N,B,H,A,D,22,W,10,G,Y,,,,B,N,N,B,1,1,0,0,21950.0,2,38.67747116088867,-121.77315521240234,4
2019,2019-02-05,1100,2,4,11,2,N,A,N,A,H,A,A,07,E,08,D,,,Y,,C,Y,N,A,1,0,0,1,22105.0,2,38.541816711425774,-121.74140167236328,3
2019,2019-02-04,1005,2,4,10,1,N,B,N,B,H,A,L,04,S,09,D,,Y,,,G,N,N,A,1,0,1,0,21804.0,2,38.54615020751953,-121.75888824462892,4
2019,2019-02-07,2347,2,4,23,4,Y,F,Y,A,H,C,A,01,,12,D,,,,,C,N,N,A,2,0,0,0,21453.0,2,38.54236602783203,-121.73263549804688,2
2019,2019-02-19,1210,2,4,12,2,Y,A,N,A,H,A,A,01,,07,D,,,,,C,N,N,D,1,0,0,0,21658.0,2,38.54626083374024,-121.74891662597656,4
2019,2019-01-19,1605,1,4,16,6,N,A,N,A,B,A,C,02,S,08,E,Y,,Y,,I,N,N,D,3,2,0,1,22107.0,3,38.55000686645508,-121.73470306396484,2
2019,2019-02-20,955,2,4,9,3,N,A,N,A,H,A,L,04,S,05,H,,Y,,,G,N,N,A,2,0,2,0,21650.0,3,38.563751220703125,-121.71458435058594,4
2019,2019-02-13,1007,2,4,10,3,Y,C,N,B,H,A,A,01,,12,A,,,,,C,N,N,A,1,0,0,0,22450.0,2,38.560791015625,-121.74484252929688,3
2019,2019-05-03,2136,5,1,21,5,Y,A,N,A,H,C,A,01,,10,G,Y,,,,B,N,N,A,0,0,0,0,21950.0,2,38.57976913452149,-121.54071044921876,1
2018,2018-12-20,1715,12,4,17,4,Y,A,N,A,H,C,A,07,,03,C,,,,,C,N,N,A,1,0,0,0,22350.0,2,38.55271911621094,-121.537353515625,4
2019,2019-02-28,1400,2,4,14,4,N,A,N,A,H,A,D,22,W,03,C,,,,,C,N,N,A,1,0,0,0,22350.0,2,38.67741394042969,-121.76576995849608,4
2019,2019-02-26,1322,2,4,13,2,N,C,N,B,H,A,D,22,E,09,A,,,,,C,Y,N,D,2,0,0,0,21801.0,2,38.58927917480469,-121.52484893798828,4
2019,2019-02-19,2151,2,4,21,2,Y,B,Y,A,H,C,A,01,,12,D,,,,,C,Y,N,A,2,0,0,0,21453.0,3,38.574974060058594,-121.5461196899414,3
2019,2019-02-22,1731,2,4,17,5,Y,A,N,A,H,A,A,01,,09,D,,,,,C,Y,N,D,1,0,0,0,21804.0,2,38.58488082885742,-121.5135498046875,4
2019,2019-02-22,738,2,4,7,5,Y,A,N,A,H,A,A,01,,09,D,,,,,C,N,N,A,1,0,0,0,21802.0,2,38.57997894287109,-121.53700256347656,3
2019,2019-01-21,1009,1,4,10,1,Y,A,N,A,H,A,L,04,,08,H,,Y,,,G,N,N,A,1,0,1,0,22101.0,2,38.66278076171875,-121.7356414794922,4
2019,2019-02-05,1347,2,4,13,2,Y,A,N,A,H,A,A,01,,05,D,,,,,C,N,N,A,1,0,0,0,21650.0,2,38.68038940429688,-121.76101684570312,4
2019,2019-02-17,1343,2,4,13,7,N,A,N,A,H,A,A,01,S,08,E,,,,,I,Y,N,D,1,0,0,0,22107.0,1,38.68919372558594,-121.76529693603516,3
2019,2019-02-18,927,2,4,9,1,Y,A,N,A,H,A,A,01,,08,E,,,,,I,Y,N,D,1,0,0,0,22107.0,1,38.68621063232422,-121.78394317626952,3
2019,2019-02-22,1046,2,4,10,5,N,A,N,A,H,A,A,01,S,03,C,,,,,C,N,N,A,2,0,0,0,22350.0,2,38.560813903808594,-121.77260589599608,3
2019,2019-02-21,830,2,4,8,4,Y,A,N,A,H,A,A,01,,12,A,,,,,C,Y,N,A,1,0,0,0,21453.0,2,38.55080032348633,-121.75869750976562,3
2019,2019-02-25,929,2,4,9,1,N,B,N,A,H,A,A,01,W,04,C,,,,,C,N,N,A,1,0,0,0,21703.0,2,38.54877471923828,-121.71644592285156,4
2019,2019-02-19,1442,2,4,14,2,Y,A,N,A,H,A,A,01,,03,C,,,,,C,Y,N,A,1,0,0,0,22350.0,3,38.57997894287109,-121.53700256347656,4
2019,2019-02-08,2116,2,4,21,5,N,B,N,B,H,D,L,04,W,08,C,,Y,,,G,N,N,D,1,0,1,0,22107.0,2,38.576778411865234,-121.55374145507812,3
2019,2019-02-22,1714,2,4,17,5,Y,A,N,A,H,A,A,01,,08,B,,Y,,,G,N,F,A,1,0,1,0,22107.0,2,38.58135986328125,-121.51155090332033,4
2019,2019-03-07,1714,3,1,17,4,N,C,N,B,H,A,A,01,,09,D,,Y,,,G,N,N,D,1,0,1,0,21801.0,2,38.54389,-121.734057,4
2019,2019-02-22,1616,2,4,16,5,Y,A,N,A,H,A,A,07,,09,D,,,,,C,Y,N,D,2,0,0,0,21801.0,2,38.66838836669922,-121.74153900146484,4
2019,2019-02-28,1734,2,4,17,4,N,A,N,A,H,B,A,01,N,03,C,,,,,C,Y,N,A,1,0,0,0,22350.0,2,38.668853759765625,-121.72862243652344,4
2019,2019-02-28,1530,2,4,15,4,Y,A,N,A,H,A,D,73,,09,H,,,,,G,N,N,A,1,0,0,0,21800.0,3,,,3
2019,2019-03-03,1043,3,1,10,7,N,B,N,A,H,A,A,01,W,03,C,,,,,C,Y,N,A,2,0,0,0,22350.0,4,38.56093597412109,-121.76571655273438,3
2019,2019-02-15,745,2,4,7,5,Y,C,Y,B,H,A,A,01,,08,D,,,,,C,Y,N,D,2,0,0,0,22107.0,2,38.536869049072266,-121.76860809326172,4
2019,2019-03-01,1510,3,1,15,5,N,B,N,A,H,A,A,01,E,09,H,,Y,,,G,N,N,D,1,0,1,0,21804.0,2,38.6772689819336,-121.7509307861328,4
2019,2019-03-04,1045,3,1,10,1,N,A,Y,A,H,A,A,01,E,08,G,,Y,,,G,N,N,D,1,0,1,0,22107.0,2,38.67597198486328,-121.75121307373048,3
2019,2019-03-05,1910,3,1,19,2,Y,C,N,B,H,C,A,01,,09,D,,,,,C,Y,N,D,2,0,0,0,21801.0,2,38.67758941650391,-121.79171752929688,4
2019,2019-02-18,1343,2,4,13,1,N,A,N,A,H,A,C,02,E,03,E,,,Y,,I,Y,N,A,1,0,0,1,22350.0,1,38.67208099365234,-121.78398895263672,2
2019,2019-03-04,2200,3,1,22,1,N,A,N,A,H,C,A,01,S,01,C,,,,,E,Y,N,D,2,0,0,0,23152.0,2,38.669967651367195,-121.77708435058594,2
2019,2019-03-02,938,3,1,9,6,Y,C,N,B,H,A,A,01,,12,D,,,,,C,Y,N,A,1,0,0,0,21453.0,2,38.67570114135742,-121.78404998779295,3
2019,2019-03-21,1323,3,1,13,4,N,A,N,A,H,A,A,01,W,21,B,,,,,C,N,N,D,1,0,0,0,22106.0,2,38.677433013916016,-121.7707977294922,4
2019,2019-03-19,732,3,1,7,2,N,A,N,A,H,A,A,01,S,09,D,,,,,C,Y,N,D,2,0,0,0,21804.0,2,38.67321395874024,-121.79332733154295,4
2019,2019-03-21,1530,3,1,15,4,Y,A,N,A,H,A,A,01,,09,A,,,,,C,Y,N,A,1,0,0,0,21801.0,2,38.684791564941406,-121.78395080566406,4
2019,2019-02-28,1131,2,4,11,4,Y,A,N,A,H,A,C,02,,05,D,,,Y,,C,Y,N,A,1,0,0,1,21460.0,2,38.68458938598633,-121.75615692138672,2
2019,2019-04-02,813,4,1,8,2,Y,A,N,A,H,A,D,22,,01,C,,,,,C,N,F,A,2,0,0,0,23153.0,2,,,4
2019,2019-02-26,1054,2,4,10,2,N,B,N,B,H,A,-,,W,21,A,Y,,,,B,N,N,D,1,1,0,0,22106.0,2,38.521575927734375,-121.96966552734376,2
2019,2019-03-12,1445,3,1,14,2,Y,A,N,A,H,A,A,01,,05,C,,,,,C,Y,N,D,1,0,0,0,21460.0,2,38.52322006225586,-121.56478881835938,4
2019,2019-03-12,1745,3,1,17,2,N,A,N,A,H,A,A,01,N,03,C,,,,,C,Y,N,D,3,0,0,0,22350.0,3,38.56072616577149,-121.52911376953124,4
2019,2019-03-06,1742,3,1,17,3,N,A,N,A,H,A,A,01,S,10,G,Y,,,,B,N,F,D,1,1,0,0,21950.0,2,38.588748931884766,-121.55784606933594,3
2019,2019-03-03,1023,3,1,10,7,N,B,N,A,H,A,A,07,W,08,F,,,,,J,Y,N,D,1,0,0,0,22107.0,1,38.55634307861328,-121.55107879638672,4
2019,2019-03-14,1254,3,1,12,4,Y,A,N,A,H,A,A,01,,02,G,Y,,,,B,N,N,A,1,1,0,0,22526.0,2,38.541351318359375,-121.74398803710938,3
2019,2019-03-18,1715,3,1,17,1,N,A,N,A,H,A,A,01,W,03,C,,,,,C,Y,N,D,1,0,0,0,22350.0,2,38.5343017578125,-121.75669097900392,4
2019,2019-03-15,1334,3,1,13,5,N,A,N,A,A,A,A,01,E,03,C,,,,,C,N,N,D,1,0,0,0,22350.0,2,38.67002868652344,-121.72765350341795,4
2019,2019-03-13,1457,3,1,14,3,N,A,N,A,H,A,A,07,E,09,D,,,,,C,N,N,A,2,0,0,0,21804.0,2,38.67734146118164,-121.75838470458984,4
2019,2019-03-15,802,3,1,8,5,N,A,N,A,H,A,A,07,E,03,C,,,,,C,N,N,D,1,0,0,0,22350.0,2,38.68474578857422,-121.7816925048828,4
2019,2019-03-12,1002,3,1,10,2,N,A,N,A,H,A,D,22,W,08,D,,,,,C,N,N,D,1,0,0,0,22100.0,2,38.579635620117195,-121.5429916381836,3
2019,2019-03-15,2020,3,1,20,5,Y,A,N,A,H,C,A,01,,03,C,,,,,C,Y,N,A,3,0,0,0,22350.0,2,38.55052185058594,-121.69444274902344,3
2019,2019-03-22,900,3,1,9,5,Y,B,N,B,H,A,A,01,,09,A,,,,,C,Y,N,A,1,0,0,0,21802.0,2,38.5632209777832,-121.72087097167967,4